date_id,full_date,day,month_name,month,quarter,year
0,1900-01-01,Monday,January,Jan,1,1900
1,2017-01-01,Sunday,January,Jan,1,2017
2,2017-01-02,Monday,January,Jan,1,2017
3,2017-01-03,Tuesday,January,Jan,1,2017
4,2017-01-04,Wednesday,January,Jan,1,2017
5,2017-01-05,Thursday,January,Jan,1,2017
6,2017-01-06,Friday,January,Jan,1,2017
7,2017-01-07,Saturday,January,Jan,1,2017
8,2017-01-08,Sunday,January,Jan,1,2017
9,2017-01-09,Monday,January,Jan,1,2017
10,2017-01-10,Tuesday,January,Jan,1,2017
11,2017-01-11,Wednesday,January,Jan,1,2017
12,2017-01-12,Thursday,January,Jan,1,2017
13,2017-01-13,Friday,January,Jan,1,2017
14,2017-01-14,Saturday,January,Jan,1,2017
15,2017-01-15,Sunday,January,Jan,1,2017
16,2017-01-16,Monday,January,Jan,1,2017
17,2017-01-17,Tuesday,January,Jan,1,2017
18,2017-01-18,Wednesday,January,Jan,1,2017
19,2017-01-19,Thursday,January,Jan,1,2017
20,2017-01-20,Friday,January,Jan,1,2017
21,2017-01-21,Saturday,January,Jan,1,2017
22,2017-01-22,Sunday,January,Jan,1,2017
23,2017-01-23,Monday,January,Jan,1,2017
24,2017-01-24,Tuesday,January,Jan,1,2017
25,2017-01-25,Wednesday,January,Jan,1,2017
26,2017-01-26,Thursday,January,Jan,1,2017
27,2017-01-27,Friday,January,Jan,1,2017
28,2017-01-28,Saturday,January,Jan,1,2017
29,2017-01-29,Sunday,January,Jan,1,2017
30,2017-01-30,Monday,January,Jan,1,2017
31,2017-01-31,Tuesday,January,Jan,1,2017
101,2017-02-01,Wednesday,February,Feb,1,2017
102,2017-02-02,Thursday,February,Feb,1,2017
103,2017-02-03,Friday,February,Feb,1,2017
104,2017-02-04,Saturday,February,Feb,1,2017
105,2017-02-05,Sunday,February,Feb,1,2017
106,2017-02-06,Monday,February,Feb,1,2017
107,2017-02-07,Tuesday,February,Feb,1,2017
108,2017-02-08,Wednesday,February,Feb,1,2017
109,2017-02-09,Thursday,February,Feb,1,2017
110,2017-02-10,Friday,February,Feb,1,2017
111,2017-02-11,Saturday,February,Feb,1,2017
112,2017-02-12,Sunday,February,Feb,1,2017
113,2017-02-13,Monday,February,Feb,1,2017
114,2017-02-14,Tuesday,February,Feb,1,2017
115,2017-02-15,Wednesday,February,Feb,1,2017
116,2017-02-16,Thursday,February,Feb,1,2017
117,2017-02-17,Friday,February,Feb,1,2017
118,2017-02-18,Saturday,February,Feb,1,2017
119,2017-02-19,Sunday,February,Feb,1,2017
120,2017-02-20,Monday,February,Feb,1,2017
121,2017-02-21,Tuesday,February,Feb,1,2017
122,2017-02-22,Wednesday,February,Feb,1,2017
123,2017-02-23,Thursday,February,Feb,1,2017
124,2017-02-24,Friday,February,Feb,1,2017
125,2017-02-25,Saturday,February,Feb,1,2017
126,2017-02-26,Sunday,February,Feb,1,2017
127,2017-02-27,Monday,February,Feb,1,2017
128,2017-02-28,Tuesday,February,Feb,1,2017
201,2017-03-01,Wednesday,March,Mar,1,2017
202,2017-03-02,Thursday,March,Mar,1,2017
203,2017-03-03,Friday,March,Mar,1,2017
204,2017-03-04,Saturday,March,Mar,1,2017
205,2017-03-05,Sunday,March,Mar,1,2017
206,2017-03-06,Monday,March,Mar,1,2017
207,2017-03-07,Tuesday,March,Mar,1,2017
208,2017-03-08,Wednesday,March,Mar,1,2017
209,2017-03-09,Thursday,March,Mar,1,2017
210,2017-03-10,Friday,March,Mar,1,2017
211,2017-03-11,Saturday,March,Mar,1,2017
212,2017-03-12,Sunday,March,Mar,1,2017
213,2017-03-13,Monday,March,Mar,1,2017
214,2017-03-14,Tuesday,March,Mar,1,2017
215,2017-03-15,Wednesday,March,Mar,1,2017
216,2017-03-16,Thursday,March,Mar,1,2017
217,2017-03-17,Friday,March,Mar,1,2017
218,2017-03-18,Saturday,March,Mar,1,2017
219,2017-03-19,Sunday,March,Mar,1,2017
220,2017-03-20,Monday,March,Mar,1,2017
221,2017-03-21,Tuesday,March,Mar,1,2017
222,2017-03-22,Wednesday,March,Mar,1,2017
223,2017-03-23,Thursday,March,Mar,1,2017
224,2017-03-24,Friday,March,Mar,1,2017
225,2017-03-25,Saturday,March,Mar,1,2017
226,2017-03-26,Sunday,March,Mar,1,2017
227,2017-03-27,Monday,March,Mar,1,2017
228,2017-03-28,Tuesday,March,Mar,1,2017
229,2017-03-29,Wednesday,March,Mar,1,2017
230,2017-03-30,Thursday,March,Mar,1,2017
231,2017-03-31,Friday,March,Mar,1,2017
301,2017-04-01,Saturday,April,Apr,2,2017
302,2017-04-02,Sunday,April,Apr,2,2017
303,2017-04-03,Monday,April,Apr,2,2017
304,2017-04-04,Tuesday,April,Apr,2,2017
305,2017-04-05,Wednesday,April,Apr,2,2017
306,2017-04-06,Thursday,April,Apr,2,2017
307,2017-04-07,Friday,April,Apr,2,2017
308,2017-04-08,Saturday,April,Apr,2,2017
309,2017-04-09,Sunday,April,Apr,2,2017
310,2017-04-10,Monday,April,Apr,2,2017
311,2017-04-11,Tuesday,April,Apr,2,2017
312,2017-04-12,Wednesday,April,Apr,2,2017
313,2017-04-13,Thursday,April,Apr,2,2017
314,2017-04-14,Friday,April,Apr,2,2017
315,2017-04-15,Saturday,April,Apr,2,2017
316,2017-04-16,Sunday,April,Apr,2,2017
317,2017-04-17,Monday,April,Apr,2,2017
318,2017-04-18,Tuesday,April,Apr,2,2017
319,2017-04-19,Wednesday,April,Apr,2,2017
320,2017-04-20,Thursday,April,Apr,2,2017
321,2017-04-21,Friday,April,Apr,2,2017
322,2017-04-22,Saturday,April,Apr,2,2017
323,2017-04-23,Sunday,April,Apr,2,2017
324,2017-04-24,Monday,April,Apr,2,2017
325,2017-04-25,Tuesday,April,Apr,2,2017
326,2017-04-26,Wednesday,April,Apr,2,2017
327,2017-04-27,Thursday,April,Apr,2,2017
328,2017-04-28,Friday,April,Apr,2,2017
329,2017-04-29,Saturday,April,Apr,2,2017
330,2017-04-30,Sunday,April,Apr,2,2017
401,2017-05-01,Monday,May,May,2,2017
402,2017-05-02,Tuesday,May,May,2,2017
403,2017-05-03,Wednesday,May,May,2,2017
404,2017-05-04,Thursday,May,May,2,2017
405,2017-05-05,Friday,May,May,2,2017
406,2017-05-06,Saturday,May,May,2,2017
407,2017-05-07,Sunday,May,May,2,2017
408,2017-05-08,Monday,May,May,2,2017
409,2017-05-09,Tuesday,May,May,2,2017
410,2017-05-10,Wednesday,May,May,2,2017
411,2017-05-11,Thursday,May,May,2,2017
412,2017-05-12,Friday,May,May,2,2017
413,2017-05-13,Saturday,May,May,2,2017
414,2017-05-14,Sunday,May,May,2,2017
415,2017-05-15,Monday,May,May,2,2017
416,2017-05-16,Tuesday,May,May,2,2017
417,2017-05-17,Wednesday,May,May,2,2017
418,2017-05-18,Thursday,May,May,2,2017
419,2017-05-19,Friday,May,May,2,2017
420,2017-05-20,Saturday,May,May,2,2017
421,2017-05-21,Sunday,May,May,2,2017
422,2017-05-22,Monday,May,May,2,2017
423,2017-05-23,Tuesday,May,May,2,2017
424,2017-05-24,Wednesday,May,May,2,2017
425,2017-05-25,Thursday,May,May,2,2017
426,2017-05-26,Friday,May,May,2,2017
427,2017-05-27,Saturday,May,May,2,2017
428,2017-05-28,Sunday,May,May,2,2017
429,2017-05-29,Monday,May,May,2,2017
430,2017-05-30,Tuesday,May,May,2,2017
431,2017-05-31,Wednesday,May,May,2,2017
501,2017-06-01,Thursday,June,Jun,2,2017
502,2017-06-02,Friday,June,Jun,2,2017
503,2017-06-03,Saturday,June,Jun,2,2017
504,2017-06-04,Sunday,June,Jun,2,2017
505,2017-06-05,Monday,June,Jun,2,2017
506,2017-06-06,Tuesday,June,Jun,2,2017
507,2017-06-07,Wednesday,June,Jun,2,2017
508,2017-06-08,Thursday,June,Jun,2,2017
509,2017-06-09,Friday,June,Jun,2,2017
510,2017-06-10,Saturday,June,Jun,2,2017
511,2017-06-11,Sunday,June,Jun,2,2017
512,2017-06-12,Monday,June,Jun,2,2017
513,2017-06-13,Tuesday,June,Jun,2,2017
514,2017-06-14,Wednesday,June,Jun,2,2017
515,2017-06-15,Thursday,June,Jun,2,2017
516,2017-06-16,Friday,June,Jun,2,2017
517,2017-06-17,Saturday,June,Jun,2,2017
518,2017-06-18,Sunday,June,Jun,2,2017
519,2017-06-19,Monday,June,Jun,2,2017
520,2017-06-20,Tuesday,June,Jun,2,2017
521,2017-06-21,Wednesday,June,Jun,2,2017
522,2017-06-22,Thursday,June,Jun,2,2017
523,2017-06-23,Friday,June,Jun,2,2017
524,2017-06-24,Saturday,June,Jun,2,2017
525,2017-06-25,Sunday,June,Jun,2,2017
526,2017-06-26,Monday,June,Jun,2,2017
527,2017-06-27,Tuesday,June,Jun,2,2017
528,2017-06-28,Wednesday,June,Jun,2,2017
529,2017-06-29,Thursday,June,Jun,2,2017
530,2017-06-30,Friday,June,Jun,2,2017
601,2017-07-01,Saturday,July,Jul,3,2017
602,2017-07-02,Sunday,July,Jul,3,2017
603,2017-07-03,Monday,July,Jul,3,2017
604,2017-07-04,Tuesday,July,Jul,3,2017
605,2017-07-05,Wednesday,July,Jul,3,2017
606,2017-07-06,Thursday,July,Jul,3,2017
607,2017-07-07,Friday,July,Jul,3,2017
608,2017-07-08,Saturday,July,Jul,3,2017
609,2017-07-09,Sunday,July,Jul,3,2017
610,2017-07-10,Monday,July,Jul,3,2017
611,2017-07-11,Tuesday,July,Jul,3,2017
612,2017-07-12,Wednesday,July,Jul,3,2017
613,2017-07-13,Thursday,July,Jul,3,2017
614,2017-07-14,Friday,July,Jul,3,2017
615,2017-07-15,Saturday,July,Jul,3,2017
616,2017-07-16,Sunday,July,Jul,3,2017
617,2017-07-17,Monday,July,Jul,3,2017
618,2017-07-18,Tuesday,July,Jul,3,2017
619,2017-07-19,Wednesday,July,Jul,3,2017
620,2017-07-20,Thursday,July,Jul,3,2017
621,2017-07-21,Friday,July,Jul,3,2017
622,2017-07-22,Saturday,July,Jul,3,2017
623,2017-07-23,Sunday,July,Jul,3,2017
624,2017-07-24,Monday,July,Jul,3,2017
625,2017-07-25,Tuesday,July,Jul,3,2017
626,2017-07-26,Wednesday,July,Jul,3,2017
627,2017-07-27,Thursday,July,Jul,3,2017
628,2017-07-28,Friday,July,Jul,3,2017
629,2017-07-29,Saturday,July,Jul,3,2017
630,2017-07-30,Sunday,July,Jul,3,2017
631,2017-07-31,Monday,July,Jul,3,2017
701,2017-08-01,Tuesday,August,Aug,3,2017
702,2017-08-02,Wednesday,August,Aug,3,2017
703,2017-08-03,Thursday,August,Aug,3,2017
704,2017-08-04,Friday,August,Aug,3,2017
705,2017-08-05,Saturday,August,Aug,3,2017
706,2017-08-06,Sunday,August,Aug,3,2017
707,2017-08-07,Monday,August,Aug,3,2017
708,2017-08-08,Tuesday,August,Aug,3,2017
709,2017-08-09,Wednesday,August,Aug,3,2017
710,2017-08-10,Thursday,August,Aug,3,2017
711,2017-08-11,Friday,August,Aug,3,2017
712,2017-08-12,Saturday,August,Aug,3,2017
713,2017-08-13,Sunday,August,Aug,3,2017
714,2017-08-14,Monday,August,Aug,3,2017
715,2017-08-15,Tuesday,August,Aug,3,2017
716,2017-08-16,Wednesday,August,Aug,3,2017
717,2017-08-17,Thursday,August,Aug,3,2017
718,2017-08-18,Friday,August,Aug,3,2017
719,2017-08-19,Saturday,August,Aug,3,2017
720,2017-08-20,Sunday,August,Aug,3,2017
721,2017-08-21,Monday,August,Aug,3,2017
722,2017-08-22,Tuesday,August,Aug,3,2017
723,2017-08-23,Wednesday,August,Aug,3,2017
724,2017-08-24,Thursday,August,Aug,3,2017
725,2017-08-25,Friday,August,Aug,3,2017
726,2017-08-26,Saturday,August,Aug,3,2017
727,2017-08-27,Sunday,August,Aug,3,2017
728,2017-08-28,Monday,August,Aug,3,2017
729,2017-08-29,Tuesday,August,Aug,3,2017
730,2017-08-30,Wednesday,August,Aug,3,2017
731,2017-08-31,Thursday,August,Aug,3,2017
801,2017-09-01,Friday,September,Sep,3,2017
802,2017-09-02,Saturday,September,Sep,3,2017
803,2017-09-03,Sunday,September,Sep,3,2017
804,2017-09-04,Monday,September,Sep,3,2017
805,2017-09-05,Tuesday,September,Sep,3,2017
806,2017-09-06,Wednesday,September,Sep,3,2017
807,2017-09-07,Thursday,September,Sep,3,2017
808,2017-09-08,Friday,September,Sep,3,2017
809,2017-09-09,Saturday,September,Sep,3,2017
810,2017-09-10,Sunday,September,Sep,3,2017
811,2017-09-11,Monday,September,Sep,3,2017
812,2017-09-12,Tuesday,September,Sep,3,2017
813,2017-09-13,Wednesday,September,Sep,3,2017
814,2017-09-14,Thursday,September,Sep,3,2017
815,2017-09-15,Friday,September,Sep,3,2017
816,2017-09-16,Saturday,September,Sep,3,2017
817,2017-09-17,Sunday,September,Sep,3,2017
818,2017-09-18,Monday,September,Sep,3,2017
819,2017-09-19,Tuesday,September,Sep,3,2017
820,2017-09-20,Wednesday,September,Sep,3,2017
821,2017-09-21,Thursday,September,Sep,3,2017
822,2017-09-22,Friday,September,Sep,3,2017
823,2017-09-23,Saturday,September,Sep,3,2017
824,2017-09-24,Sunday,September,Sep,3,2017
825,2017-09-25,Monday,September,Sep,3,2017
826,2017-09-26,Tuesday,September,Sep,3,2017
827,2017-09-27,Wednesday,September,Sep,3,2017
828,2017-09-28,Thursday,September,Sep,3,2017
829,2017-09-29,Friday,September,Sep,3,2017
830,2017-09-30,Saturday,September,Sep,3,2017
901,2017-10-01,Sunday,October,Oct,4,2017
902,2017-10-02,Monday,October,Oct,4,2017
903,2017-10-03,Tuesday,October,Oct,4,2017
904,2017-10-04,Wednesday,October,Oct,4,2017
905,2017-10-05,Thursday,October,Oct,4,2017
906,2017-10-06,Friday,October,Oct,4,2017
907,2017-10-07,Saturday,October,Oct,4,2017
908,2017-10-08,Sunday,October,Oct,4,2017
909,2017-10-09,Monday,October,Oct,4,2017
910,2017-10-10,Tuesday,October,Oct,4,2017
911,2017-10-11,Wednesday,October,Oct,4,2017
912,2017-10-12,Thursday,October,Oct,4,2017
913,2017-10-13,Friday,October,Oct,4,2017
914,2017-10-14,Saturday,October,Oct,4,2017
915,2017-10-15,Sunday,October,Oct,4,2017
916,2017-10-16,Monday,October,Oct,4,2017
917,2017-10-17,Tuesday,October,Oct,4,2017
918,2017-10-18,Wednesday,October,Oct,4,2017
919,2017-10-19,Thursday,October,Oct,4,2017
920,2017-10-20,Friday,October,Oct,4,2017
921,2017-10-21,Saturday,October,Oct,4,2017
922,2017-10-22,Sunday,October,Oct,4,2017
923,2017-10-23,Monday,October,Oct,4,2017
924,2017-10-24,Tuesday,October,Oct,4,2017
925,2017-10-25,Wednesday,October,Oct,4,2017
926,2017-10-26,Thursday,October,Oct,4,2017
927,2017-10-27,Friday,October,Oct,4,2017
928,2017-10-28,Saturday,October,Oct,4,2017
929,2017-10-29,Sunday,October,Oct,4,2017
930,2017-10-30,Monday,October,Oct,4,2017
931,2017-10-31,Tuesday,October,Oct,4,2017
1001,2017-11-01,Wednesday,November,Nov,4,2017
1002,2017-11-02,Thursday,November,Nov,4,2017
1003,2017-11-03,Friday,November,Nov,4,2017
1004,2017-11-04,Saturday,November,Nov,4,2017
1005,2017-11-05,Sunday,November,Nov,4,2017
1006,2017-11-06,Monday,November,Nov,4,2017
1007,2017-11-07,Tuesday,November,Nov,4,2017
1008,2017-11-08,Wednesday,November,Nov,4,2017
1009,2017-11-09,Thursday,November,Nov,4,2017
1010,2017-11-10,Friday,November,Nov,4,2017
1011,2017-11-11,Saturday,November,Nov,4,2017
1012,2017-11-12,Sunday,November,Nov,4,2017
1013,2017-11-13,Monday,November,Nov,4,2017
1014,2017-11-14,Tuesday,November,Nov,4,2017
1015,2017-11-15,Wednesday,November,Nov,4,2017
1016,2017-11-16,Thursday,November,Nov,4,2017
1017,2017-11-17,Friday,November,Nov,4,2017
1018,2017-11-18,Saturday,November,Nov,4,2017
1019,2017-11-19,Sunday,November,Nov,4,2017
1020,2017-11-20,Monday,November,Nov,4,2017
1021,2017-11-21,Tuesday,November,Nov,4,2017
1022,2017-11-22,Wednesday,November,Nov,4,2017
1023,2017-11-23,Thursday,November,Nov,4,2017
1024,2017-11-24,Friday,November,Nov,4,2017
1025,2017-11-25,Saturday,November,Nov,4,2017
1026,2017-11-26,Sunday,November,Nov,4,2017
1027,2017-11-27,Monday,November,Nov,4,2017
1028,2017-11-28,Tuesday,November,Nov,4,2017
1029,2017-11-29,Wednesday,November,Nov,4,2017
1030,2017-11-30,Thursday,November,Nov,4,2017
1101,2017-12-01,Friday,December,Dec,4,2017
1102,2017-12-02,Saturday,December,Dec,4,2017
1103,2017-12-03,Sunday,December,Dec,4,2017
1104,2017-12-04,Monday,December,Dec,4,2017
1105,2017-12-05,Tuesday,December,Dec,4,2017
1106,2017-12-06,Wednesday,December,Dec,4,2017
1107,2017-12-07,Thursday,December,Dec,4,2017
1108,2017-12-08,Friday,December,Dec,4,2017
1109,2017-12-09,Saturday,December,Dec,4,2017
1110,2017-12-10,Sunday,December,Dec,4,2017
1111,2017-12-11,Monday,December,Dec,4,2017
1112,2017-12-12,Tuesday,December,Dec,4,2017
1113,2017-12-13,Wednesday,December,Dec,4,2017
1114,2017-12-14,Thursday,December,Dec,4,2017
1115,2017-12-15,Friday,December,Dec,4,2017
1116,2017-12-16,Saturday,December,Dec,4,2017
1117,2017-12-17,Sunday,December,Dec,4,2017
1118,2017-12-18,Monday,December,Dec,4,2017
1119,2017-12-19,Tuesday,December,Dec,4,2017
1120,2017-12-20,Wednesday,December,Dec,4,2017
1121,2017-12-21,Thursday,December,Dec,4,2017
1122,2017-12-22,Friday,December,Dec,4,2017
1123,2017-12-23,Saturday,December,Dec,4,2017
1124,2017-12-24,Sunday,December,Dec,4,2017
1125,2017-12-25,Monday,December,Dec,4,2017
1126,2017-12-26,Tuesday,December,Dec,4,2017
1127,2017-12-27,Wednesday,December,Dec,4,2017
1128,2017-12-28,Thursday,December,Dec,4,2017
1129,2017-12-29,Friday,December,Dec,4,2017
1130,2017-12-30,Saturday,December,Dec,4,2017
1131,2017-12-31,Sunday,December,Dec,4,2017
10001,2018-01-01,Monday,January,Jan,1,2018
10002,2018-01-02,Tuesday,January,Jan,1,2018
10003,2018-01-03,Wednesday,January,Jan,1,2018
10004,2018-01-04,Thursday,January,Jan,1,2018
10005,2018-01-05,Friday,January,Jan,1,2018
10006,2018-01-06,Saturday,January,Jan,1,2018
10007,2018-01-07,Sunday,January,Jan,1,2018
10008,2018-01-08,Monday,January,Jan,1,2018
10009,2018-01-09,Tuesday,January,Jan,1,2018
10010,2018-01-10,Wednesday,January,Jan,1,2018
10011,2018-01-11,Thursday,January,Jan,1,2018
10012,2018-01-12,Friday,January,Jan,1,2018
10013,2018-01-13,Saturday,January,Jan,1,2018
10014,2018-01-14,Sunday,January,Jan,1,2018
10015,2018-01-15,Monday,January,Jan,1,2018
10016,2018-01-16,Tuesday,January,Jan,1,2018
10017,2018-01-17,Wednesday,January,Jan,1,2018
10018,2018-01-18,Thursday,January,Jan,1,2018
10019,2018-01-19,Friday,January,Jan,1,2018
10020,2018-01-20,Saturday,January,Jan,1,2018
10021,2018-01-21,Sunday,January,Jan,1,2018
10022,2018-01-22,Monday,January,Jan,1,2018
10023,2018-01-23,Tuesday,January,Jan,1,2018
10024,2018-01-24,Wednesday,January,Jan,1,2018
10025,2018-01-25,Thursday,January,Jan,1,2018
10026,2018-01-26,Friday,January,Jan,1,2018
10027,2018-01-27,Saturday,January,Jan,1,2018
10028,2018-01-28,Sunday,January,Jan,1,2018
10029,2018-01-29,Monday,January,Jan,1,2018
10030,2018-01-30,Tuesday,January,Jan,1,2018
10031,2018-01-31,Wednesday,January,Jan,1,2018
10101,2018-02-01,Thursday,February,Feb,1,2018
10102,2018-02-02,Friday,February,Feb,1,2018
10103,2018-02-03,Saturday,February,Feb,1,2018
10104,2018-02-04,Sunday,February,Feb,1,2018
10105,2018-02-05,Monday,February,Feb,1,2018
10106,2018-02-06,Tuesday,February,Feb,1,2018
10107,2018-02-07,Wednesday,February,Feb,1,2018
10108,2018-02-08,Thursday,February,Feb,1,2018
10109,2018-02-09,Friday,February,Feb,1,2018
10110,2018-02-10,Saturday,February,Feb,1,2018
10111,2018-02-11,Sunday,February,Feb,1,2018
10112,2018-02-12,Monday,February,Feb,1,2018
10113,2018-02-13,Tuesday,February,Feb,1,2018
10114,2018-02-14,Wednesday,February,Feb,1,2018
10115,2018-02-15,Thursday,February,Feb,1,2018
10116,2018-02-16,Friday,February,Feb,1,2018
10117,2018-02-17,Saturday,February,Feb,1,2018
10118,2018-02-18,Sunday,February,Feb,1,2018
10119,2018-02-19,Monday,February,Feb,1,2018
10120,2018-02-20,Tuesday,February,Feb,1,2018
10121,2018-02-21,Wednesday,February,Feb,1,2018
10122,2018-02-22,Thursday,February,Feb,1,2018
10123,2018-02-23,Friday,February,Feb,1,2018
10124,2018-02-24,Saturday,February,Feb,1,2018
10125,2018-02-25,Sunday,February,Feb,1,2018
10126,2018-02-26,Monday,February,Feb,1,2018
10127,2018-02-27,Tuesday,February,Feb,1,2018
10128,2018-02-28,Wednesday,February,Feb,1,2018
10201,2018-03-01,Thursday,March,Mar,1,2018
10202,2018-03-02,Friday,March,Mar,1,2018
10203,2018-03-03,Saturday,March,Mar,1,2018
10204,2018-03-04,Sunday,March,Mar,1,2018
10205,2018-03-05,Monday,March,Mar,1,2018
10206,2018-03-06,Tuesday,March,Mar,1,2018
10207,2018-03-07,Wednesday,March,Mar,1,2018
10208,2018-03-08,Thursday,March,Mar,1,2018
10209,2018-03-09,Friday,March,Mar,1,2018
10210,2018-03-10,Saturday,March,Mar,1,2018
10211,2018-03-11,Sunday,March,Mar,1,2018
10212,2018-03-12,Monday,March,Mar,1,2018
10213,2018-03-13,Tuesday,March,Mar,1,2018
10214,2018-03-14,Wednesday,March,Mar,1,2018
10215,2018-03-15,Thursday,March,Mar,1,2018
10216,2018-03-16,Friday,March,Mar,1,2018
10217,2018-03-17,Saturday,March,Mar,1,2018
10218,2018-03-18,Sunday,March,Mar,1,2018
10219,2018-03-19,Monday,March,Mar,1,2018
10220,2018-03-20,Tuesday,March,Mar,1,2018
10221,2018-03-21,Wednesday,March,Mar,1,2018
10222,2018-03-22,Thursday,March,Mar,1,2018
10223,2018-03-23,Friday,March,Mar,1,2018
10224,2018-03-24,Saturday,March,Mar,1,2018
10225,2018-03-25,Sunday,March,Mar,1,2018
10226,2018-03-26,Monday,March,Mar,1,2018
10227,2018-03-27,Tuesday,March,Mar,1,2018
10228,2018-03-28,Wednesday,March,Mar,1,2018
10229,2018-03-29,Thursday,March,Mar,1,2018
10230,2018-03-30,Friday,March,Mar,1,2018
10231,2018-03-31,Saturday,March,Mar,1,2018
10301,2018-04-01,Sunday,April,Apr,2,2018
10302,2018-04-02,Monday,April,Apr,2,2018
10303,2018-04-03,Tuesday,April,Apr,2,2018
10304,2018-04-04,Wednesday,April,Apr,2,2018
10305,2018-04-05,Thursday,April,Apr,2,2018
10306,2018-04-06,Friday,April,Apr,2,2018
10307,2018-04-07,Saturday,April,Apr,2,2018
10308,2018-04-08,Sunday,April,Apr,2,2018
10309,2018-04-09,Monday,April,Apr,2,2018
10310,2018-04-10,Tuesday,April,Apr,2,2018
10311,2018-04-11,Wednesday,April,Apr,2,2018
10312,2018-04-12,Thursday,April,Apr,2,2018
10313,2018-04-13,Friday,April,Apr,2,2018
10314,2018-04-14,Saturday,April,Apr,2,2018
10315,2018-04-15,Sunday,April,Apr,2,2018
10316,2018-04-16,Monday,April,Apr,2,2018
10317,2018-04-17,Tuesday,April,Apr,2,2018
10318,2018-04-18,Wednesday,April,Apr,2,2018
10319,2018-04-19,Thursday,April,Apr,2,2018
10320,2018-04-20,Friday,April,Apr,2,2018
10321,2018-04-21,Saturday,April,Apr,2,2018
10322,2018-04-22,Sunday,April,Apr,2,2018
10323,2018-04-23,Monday,April,Apr,2,2018
10324,2018-04-24,Tuesday,April,Apr,2,2018
10325,2018-04-25,Wednesday,April,Apr,2,2018
10326,2018-04-26,Thursday,April,Apr,2,2018
10327,2018-04-27,Friday,April,Apr,2,2018
10328,2018-04-28,Saturday,April,Apr,2,2018
10329,2018-04-29,Sunday,April,Apr,2,2018
10330,2018-04-30,Monday,April,Apr,2,2018
10401,2018-05-01,Tuesday,May,May,2,2018
10402,2018-05-02,Wednesday,May,May,2,2018
10403,2018-05-03,Thursday,May,May,2,2018
10404,2018-05-04,Friday,May,May,2,2018
10405,2018-05-05,Saturday,May,May,2,2018
10406,2018-05-06,Sunday,May,May,2,2018
10407,2018-05-07,Monday,May,May,2,2018
10408,2018-05-08,Tuesday,May,May,2,2018
10409,2018-05-09,Wednesday,May,May,2,2018
10410,2018-05-10,Thursday,May,May,2,2018
10411,2018-05-11,Friday,May,May,2,2018
10412,2018-05-12,Saturday,May,May,2,2018
10413,2018-05-13,Sunday,May,May,2,2018
10414,2018-05-14,Monday,May,May,2,2018
10415,2018-05-15,Tuesday,May,May,2,2018
10416,2018-05-16,Wednesday,May,May,2,2018
10417,2018-05-17,Thursday,May,May,2,2018
10418,2018-05-18,Friday,May,May,2,2018
10419,2018-05-19,Saturday,May,May,2,2018
10420,2018-05-20,Sunday,May,May,2,2018
10421,2018-05-21,Monday,May,May,2,2018
10422,2018-05-22,Tuesday,May,May,2,2018
10423,2018-05-23,Wednesday,May,May,2,2018
10424,2018-05-24,Thursday,May,May,2,2018
10425,2018-05-25,Friday,May,May,2,2018
10426,2018-05-26,Saturday,May,May,2,2018
10427,2018-05-27,Sunday,May,May,2,2018
10428,2018-05-28,Monday,May,May,2,2018
10429,2018-05-29,Tuesday,May,May,2,2018
10430,2018-05-30,Wednesday,May,May,2,2018
10431,2018-05-31,Thursday,May,May,2,2018
10501,2018-06-01,Friday,June,Jun,2,2018
10502,2018-06-02,Saturday,June,Jun,2,2018
10503,2018-06-03,Sunday,June,Jun,2,2018
10504,2018-06-04,Monday,June,Jun,2,2018
10505,2018-06-05,Tuesday,June,Jun,2,2018
10506,2018-06-06,Wednesday,June,Jun,2,2018
10507,2018-06-07,Thursday,June,Jun,2,2018
10508,2018-06-08,Friday,June,Jun,2,2018
10509,2018-06-09,Saturday,June,Jun,2,2018
10510,2018-06-10,Sunday,June,Jun,2,2018
10511,2018-06-11,Monday,June,Jun,2,2018
10512,2018-06-12,Tuesday,June,Jun,2,2018
10513,2018-06-13,Wednesday,June,Jun,2,2018
10514,2018-06-14,Thursday,June,Jun,2,2018
10515,2018-06-15,Friday,June,Jun,2,2018
10516,2018-06-16,Saturday,June,Jun,2,2018
10517,2018-06-17,Sunday,June,Jun,2,2018
10518,2018-06-18,Monday,June,Jun,2,2018
10519,2018-06-19,Tuesday,June,Jun,2,2018
10520,2018-06-20,Wednesday,June,Jun,2,2018
10521,2018-06-21,Thursday,June,Jun,2,2018
10522,2018-06-22,Friday,June,Jun,2,2018
10523,2018-06-23,Saturday,June,Jun,2,2018
10524,2018-06-24,Sunday,June,Jun,2,2018
10525,2018-06-25,Monday,June,Jun,2,2018
10526,2018-06-26,Tuesday,June,Jun,2,2018
10527,2018-06-27,Wednesday,June,Jun,2,2018
10528,2018-06-28,Thursday,June,Jun,2,2018
10529,2018-06-29,Friday,June,Jun,2,2018
10530,2018-06-30,Saturday,June,Jun,2,2018
10601,2018-07-01,Sunday,July,Jul,3,2018
10602,2018-07-02,Monday,July,Jul,3,2018
10603,2018-07-03,Tuesday,July,Jul,3,2018
10604,2018-07-04,Wednesday,July,Jul,3,2018
10605,2018-07-05,Thursday,July,Jul,3,2018
10606,2018-07-06,Friday,July,Jul,3,2018
10607,2018-07-07,Saturday,July,Jul,3,2018
10608,2018-07-08,Sunday,July,Jul,3,2018
10609,2018-07-09,Monday,July,Jul,3,2018
10610,2018-07-10,Tuesday,July,Jul,3,2018
10611,2018-07-11,Wednesday,July,Jul,3,2018
10612,2018-07-12,Thursday,July,Jul,3,2018
10613,2018-07-13,Friday,July,Jul,3,2018
10614,2018-07-14,Saturday,July,Jul,3,2018
10615,2018-07-15,Sunday,July,Jul,3,2018
10616,2018-07-16,Monday,July,Jul,3,2018
10617,2018-07-17,Tuesday,July,Jul,3,2018
10618,2018-07-18,Wednesday,July,Jul,3,2018
10619,2018-07-19,Thursday,July,Jul,3,2018
10620,2018-07-20,Friday,July,Jul,3,2018
10621,2018-07-21,Saturday,July,Jul,3,2018
10622,2018-07-22,Sunday,July,Jul,3,2018
10623,2018-07-23,Monday,July,Jul,3,2018
10624,2018-07-24,Tuesday,July,Jul,3,2018
10625,2018-07-25,Wednesday,July,Jul,3,2018
10626,2018-07-26,Thursday,July,Jul,3,2018
10627,2018-07-27,Friday,July,Jul,3,2018
10628,2018-07-28,Saturday,July,Jul,3,2018
10629,2018-07-29,Sunday,July,Jul,3,2018
10630,2018-07-30,Monday,July,Jul,3,2018
10631,2018-07-31,Tuesday,July,Jul,3,2018
10701,2018-08-01,Wednesday,August,Aug,3,2018
10702,2018-08-02,Thursday,August,Aug,3,2018
10703,2018-08-03,Friday,August,Aug,3,2018
10704,2018-08-04,Saturday,August,Aug,3,2018
10705,2018-08-05,Sunday,August,Aug,3,2018
10706,2018-08-06,Monday,August,Aug,3,2018
10707,2018-08-07,Tuesday,August,Aug,3,2018
10708,2018-08-08,Wednesday,August,Aug,3,2018
10709,2018-08-09,Thursday,August,Aug,3,2018
10710,2018-08-10,Friday,August,Aug,3,2018
10711,2018-08-11,Saturday,August,Aug,3,2018
10712,2018-08-12,Sunday,August,Aug,3,2018
10713,2018-08-13,Monday,August,Aug,3,2018
10714,2018-08-14,Tuesday,August,Aug,3,2018
10715,2018-08-15,Wednesday,August,Aug,3,2018
10716,2018-08-16,Thursday,August,Aug,3,2018
10717,2018-08-17,Friday,August,Aug,3,2018
10718,2018-08-18,Saturday,August,Aug,3,2018
10719,2018-08-19,Sunday,August,Aug,3,2018
10720,2018-08-20,Monday,August,Aug,3,2018
10721,2018-08-21,Tuesday,August,Aug,3,2018
10722,2018-08-22,Wednesday,August,Aug,3,2018
10723,2018-08-23,Thursday,August,Aug,3,2018
10724,2018-08-24,Friday,August,Aug,3,2018
10725,2018-08-25,Saturday,August,Aug,3,2018
10726,2018-08-26,Sunday,August,Aug,3,2018
10727,2018-08-27,Monday,August,Aug,3,2018
10728,2018-08-28,Tuesday,August,Aug,3,2018
10729,2018-08-29,Wednesday,August,Aug,3,2018
10730,2018-08-30,Thursday,August,Aug,3,2018
10731,2018-08-31,Friday,August,Aug,3,2018
10801,2018-09-01,Saturday,September,Sep,3,2018
10802,2018-09-02,Sunday,September,Sep,3,2018
10803,2018-09-03,Monday,September,Sep,3,2018
10804,2018-09-04,Tuesday,September,Sep,3,2018
10805,2018-09-05,Wednesday,September,Sep,3,2018
10806,2018-09-06,Thursday,September,Sep,3,2018
10807,2018-09-07,Friday,September,Sep,3,2018
10808,2018-09-08,Saturday,September,Sep,3,2018
10809,2018-09-09,Sunday,September,Sep,3,2018
10810,2018-09-10,Monday,September,Sep,3,2018
10811,2018-09-11,Tuesday,September,Sep,3,2018
10812,2018-09-12,Wednesday,September,Sep,3,2018
10813,2018-09-13,Thursday,September,Sep,3,2018
10814,2018-09-14,Friday,September,Sep,3,2018
10815,2018-09-15,Saturday,September,Sep,3,2018
10816,2018-09-16,Sunday,September,Sep,3,2018
10817,2018-09-17,Monday,September,Sep,3,2018
10818,2018-09-18,Tuesday,September,Sep,3,2018
10819,2018-09-19,Wednesday,September,Sep,3,2018
10820,2018-09-20,Thursday,September,Sep,3,2018
10821,2018-09-21,Friday,September,Sep,3,2018
10822,2018-09-22,Saturday,September,Sep,3,2018
10823,2018-09-23,Sunday,September,Sep,3,2018
10824,2018-09-24,Monday,September,Sep,3,2018
10825,2018-09-25,Tuesday,September,Sep,3,2018
10826,2018-09-26,Wednesday,September,Sep,3,2018
10827,2018-09-27,Thursday,September,Sep,3,2018
10828,2018-09-28,Friday,September,Sep,3,2018
10829,2018-09-29,Saturday,September,Sep,3,2018
10830,2018-09-30,Sunday,September,Sep,3,2018
10901,2018-10-01,Monday,October,Oct,4,2018
10902,2018-10-02,Tuesday,October,Oct,4,2018
10903,2018-10-03,Wednesday,October,Oct,4,2018
10904,2018-10-04,Thursday,October,Oct,4,2018
10905,2018-10-05,Friday,October,Oct,4,2018
10906,2018-10-06,Saturday,October,Oct,4,2018
10907,2018-10-07,Sunday,October,Oct,4,2018
10908,2018-10-08,Monday,October,Oct,4,2018
10909,2018-10-09,Tuesday,October,Oct,4,2018
10910,2018-10-10,Wednesday,October,Oct,4,2018
10911,2018-10-11,Thursday,October,Oct,4,2018
10912,2018-10-12,Friday,October,Oct,4,2018
10913,2018-10-13,Saturday,October,Oct,4,2018
10914,2018-10-14,Sunday,October,Oct,4,2018
10915,2018-10-15,Monday,October,Oct,4,2018
10916,2018-10-16,Tuesday,October,Oct,4,2018
10917,2018-10-17,Wednesday,October,Oct,4,2018
10918,2018-10-18,Thursday,October,Oct,4,2018
10919,2018-10-19,Friday,October,Oct,4,2018
10920,2018-10-20,Saturday,October,Oct,4,2018
10921,2018-10-21,Sunday,October,Oct,4,2018
10922,2018-10-22,Monday,October,Oct,4,2018
10923,2018-10-23,Tuesday,October,Oct,4,2018
10924,2018-10-24,Wednesday,October,Oct,4,2018
10925,2018-10-25,Thursday,October,Oct,4,2018
10926,2018-10-26,Friday,October,Oct,4,2018
10927,2018-10-27,Saturday,October,Oct,4,2018
10928,2018-10-28,Sunday,October,Oct,4,2018
10929,2018-10-29,Monday,October,Oct,4,2018
10930,2018-10-30,Tuesday,October,Oct,4,2018
10931,2018-10-31,Wednesday,October,Oct,4,2018
11001,2018-11-01,Thursday,November,Nov,4,2018
11002,2018-11-02,Friday,November,Nov,4,2018
11003,2018-11-03,Saturday,November,Nov,4,2018
11004,2018-11-04,Sunday,November,Nov,4,2018
11005,2018-11-05,Monday,November,Nov,4,2018
11006,2018-11-06,Tuesday,November,Nov,4,2018
11007,2018-11-07,Wednesday,November,Nov,4,2018
11008,2018-11-08,Thursday,November,Nov,4,2018
11009,2018-11-09,Friday,November,Nov,4,2018
11010,2018-11-10,Saturday,November,Nov,4,2018
11011,2018-11-11,Sunday,November,Nov,4,2018
11012,2018-11-12,Monday,November,Nov,4,2018
11013,2018-11-13,Tuesday,November,Nov,4,2018
11014,2018-11-14,Wednesday,November,Nov,4,2018
11015,2018-11-15,Thursday,November,Nov,4,2018
11016,2018-11-16,Friday,November,Nov,4,2018
11017,2018-11-17,Saturday,November,Nov,4,2018
11018,2018-11-18,Sunday,November,Nov,4,2018
11019,2018-11-19,Monday,November,Nov,4,2018
11020,2018-11-20,Tuesday,November,Nov,4,2018
11021,2018-11-21,Wednesday,November,Nov,4,2018
11022,2018-11-22,Thursday,November,Nov,4,2018
11023,2018-11-23,Friday,November,Nov,4,2018
11024,2018-11-24,Saturday,November,Nov,4,2018
11025,2018-11-25,Sunday,November,Nov,4,2018
11026,2018-11-26,Monday,November,Nov,4,2018
11027,2018-11-27,Tuesday,November,Nov,4,2018
11028,2018-11-28,Wednesday,November,Nov,4,2018
11029,2018-11-29,Thursday,November,Nov,4,2018
11030,2018-11-30,Friday,November,Nov,4,2018
11101,2018-12-01,Saturday,December,Dec,4,2018
11102,2018-12-02,Sunday,December,Dec,4,2018
11103,2018-12-03,Monday,December,Dec,4,2018
11104,2018-12-04,Tuesday,December,Dec,4,2018
11105,2018-12-05,Wednesday,December,Dec,4,2018
11106,2018-12-06,Thursday,December,Dec,4,2018
11107,2018-12-07,Friday,December,Dec,4,2018
11108,2018-12-08,Saturday,December,Dec,4,2018
11109,2018-12-09,Sunday,December,Dec,4,2018
11110,2018-12-10,Monday,December,Dec,4,2018
11111,2018-12-11,Tuesday,December,Dec,4,2018
11112,2018-12-12,Wednesday,December,Dec,4,2018
11113,2018-12-13,Thursday,December,Dec,4,2018
11114,2018-12-14,Friday,December,Dec,4,2018
11115,2018-12-15,Saturday,December,Dec,4,2018
11116,2018-12-16,Sunday,December,Dec,4,2018
11117,2018-12-17,Monday,December,Dec,4,2018
11118,2018-12-18,Tuesday,December,Dec,4,2018
11119,2018-12-19,Wednesday,December,Dec,4,2018
11120,2018-12-20,Thursday,December,Dec,4,2018
11121,2018-12-21,Friday,December,Dec,4,2018
11122,2018-12-22,Saturday,December,Dec,4,2018
11123,2018-12-23,Sunday,December,Dec,4,2018
11124,2018-12-24,Monday,December,Dec,4,2018
11125,2018-12-25,Tuesday,December,Dec,4,2018
11126,2018-12-26,Wednesday,December,Dec,4,2018
11127,2018-12-27,Thursday,December,Dec,4,2018
11128,2018-12-28,Friday,December,Dec,4,2018
11129,2018-12-29,Saturday,December,Dec,4,2018
11130,2018-12-30,Sunday,December,Dec,4,2018
11131,2018-12-31,Monday,December,Dec,4,2018
20001,2019-01-01,Tuesday,January,Jan,1,2019
20002,2019-01-02,Wednesday,January,Jan,1,2019
20003,2019-01-03,Thursday,January,Jan,1,2019
20004,2019-01-04,Friday,January,Jan,1,2019
20005,2019-01-05,Saturday,January,Jan,1,2019
20006,2019-01-06,Sunday,January,Jan,1,2019
20007,2019-01-07,Monday,January,Jan,1,2019
20008,2019-01-08,Tuesday,January,Jan,1,2019
20009,2019-01-09,Wednesday,January,Jan,1,2019
20010,2019-01-10,Thursday,January,Jan,1,2019
20011,2019-01-11,Friday,January,Jan,1,2019
20012,2019-01-12,Saturday,January,Jan,1,2019
20013,2019-01-13,Sunday,January,Jan,1,2019
20014,2019-01-14,Monday,January,Jan,1,2019
20015,2019-01-15,Tuesday,January,Jan,1,2019
20016,2019-01-16,Wednesday,January,Jan,1,2019
20017,2019-01-17,Thursday,January,Jan,1,2019
20018,2019-01-18,Friday,January,Jan,1,2019
20019,2019-01-19,Saturday,January,Jan,1,2019
20020,2019-01-20,Sunday,January,Jan,1,2019
20021,2019-01-21,Monday,January,Jan,1,2019
20022,2019-01-22,Tuesday,January,Jan,1,2019
20023,2019-01-23,Wednesday,January,Jan,1,2019
20024,2019-01-24,Thursday,January,Jan,1,2019
20025,2019-01-25,Friday,January,Jan,1,2019
20026,2019-01-26,Saturday,January,Jan,1,2019
20027,2019-01-27,Sunday,January,Jan,1,2019
20028,2019-01-28,Monday,January,Jan,1,2019
20029,2019-01-29,Tuesday,January,Jan,1,2019
20030,2019-01-30,Wednesday,January,Jan,1,2019
20031,2019-01-31,Thursday,January,Jan,1,2019
20101,2019-02-01,Friday,February,Feb,1,2019
20102,2019-02-02,Saturday,February,Feb,1,2019
20103,2019-02-03,Sunday,February,Feb,1,2019
20104,2019-02-04,Monday,February,Feb,1,2019
20105,2019-02-05,Tuesday,February,Feb,1,2019
20106,2019-02-06,Wednesday,February,Feb,1,2019
20107,2019-02-07,Thursday,February,Feb,1,2019
20108,2019-02-08,Friday,February,Feb,1,2019
20109,2019-02-09,Saturday,February,Feb,1,2019
20110,2019-02-10,Sunday,February,Feb,1,2019
20111,2019-02-11,Monday,February,Feb,1,2019
20112,2019-02-12,Tuesday,February,Feb,1,2019
20113,2019-02-13,Wednesday,February,Feb,1,2019
20114,2019-02-14,Thursday,February,Feb,1,2019
20115,2019-02-15,Friday,February,Feb,1,2019
20116,2019-02-16,Saturday,February,Feb,1,2019
20117,2019-02-17,Sunday,February,Feb,1,2019
20118,2019-02-18,Monday,February,Feb,1,2019
20119,2019-02-19,Tuesday,February,Feb,1,2019
20120,2019-02-20,Wednesday,February,Feb,1,2019
20121,2019-02-21,Thursday,February,Feb,1,2019
20122,2019-02-22,Friday,February,Feb,1,2019
20123,2019-02-23,Saturday,February,Feb,1,2019
20124,2019-02-24,Sunday,February,Feb,1,2019
20125,2019-02-25,Monday,February,Feb,1,2019
20126,2019-02-26,Tuesday,February,Feb,1,2019
20127,2019-02-27,Wednesday,February,Feb,1,2019
20128,2019-02-28,Thursday,February,Feb,1,2019
20201,2019-03-01,Friday,March,Mar,1,2019
20202,2019-03-02,Saturday,March,Mar,1,2019
20203,2019-03-03,Sunday,March,Mar,1,2019
20204,2019-03-04,Monday,March,Mar,1,2019
20205,2019-03-05,Tuesday,March,Mar,1,2019
20206,2019-03-06,Wednesday,March,Mar,1,2019
20207,2019-03-07,Thursday,March,Mar,1,2019
20208,2019-03-08,Friday,March,Mar,1,2019
20209,2019-03-09,Saturday,March,Mar,1,2019
20210,2019-03-10,Sunday,March,Mar,1,2019
20211,2019-03-11,Monday,March,Mar,1,2019
20212,2019-03-12,Tuesday,March,Mar,1,2019
20213,2019-03-13,Wednesday,March,Mar,1,2019
20214,2019-03-14,Thursday,March,Mar,1,2019
20215,2019-03-15,Friday,March,Mar,1,2019
20216,2019-03-16,Saturday,March,Mar,1,2019
20217,2019-03-17,Sunday,March,Mar,1,2019
20218,2019-03-18,Monday,March,Mar,1,2019
20219,2019-03-19,Tuesday,March,Mar,1,2019
20220,2019-03-20,Wednesday,March,Mar,1,2019
20221,2019-03-21,Thursday,March,Mar,1,2019
20222,2019-03-22,Friday,March,Mar,1,2019
20223,2019-03-23,Saturday,March,Mar,1,2019
20224,2019-03-24,Sunday,March,Mar,1,2019
20225,2019-03-25,Monday,March,Mar,1,2019
20226,2019-03-26,Tuesday,March,Mar,1,2019
20227,2019-03-27,Wednesday,March,Mar,1,2019
20228,2019-03-28,Thursday,March,Mar,1,2019
20229,2019-03-29,Friday,March,Mar,1,2019
20230,2019-03-30,Saturday,March,Mar,1,2019
20231,2019-03-31,Sunday,March,Mar,1,2019
20301,2019-04-01,Monday,April,Apr,2,2019
20302,2019-04-02,Tuesday,April,Apr,2,2019
20303,2019-04-03,Wednesday,April,Apr,2,2019
20304,2019-04-04,Thursday,April,Apr,2,2019
20305,2019-04-05,Friday,April,Apr,2,2019
20306,2019-04-06,Saturday,April,Apr,2,2019
20307,2019-04-07,Sunday,April,Apr,2,2019
20308,2019-04-08,Monday,April,Apr,2,2019
20309,2019-04-09,Tuesday,April,Apr,2,2019
20310,2019-04-10,Wednesday,April,Apr,2,2019
20311,2019-04-11,Thursday,April,Apr,2,2019
20312,2019-04-12,Friday,April,Apr,2,2019
20313,2019-04-13,Saturday,April,Apr,2,2019
20314,2019-04-14,Sunday,April,Apr,2,2019
20315,2019-04-15,Monday,April,Apr,2,2019
20316,2019-04-16,Tuesday,April,Apr,2,2019
20317,2019-04-17,Wednesday,April,Apr,2,2019
20318,2019-04-18,Thursday,April,Apr,2,2019
20319,2019-04-19,Friday,April,Apr,2,2019
20320,2019-04-20,Saturday,April,Apr,2,2019
20321,2019-04-21,Sunday,April,Apr,2,2019
20322,2019-04-22,Monday,April,Apr,2,2019
20323,2019-04-23,Tuesday,April,Apr,2,2019
20324,2019-04-24,Wednesday,April,Apr,2,2019
20325,2019-04-25,Thursday,April,Apr,2,2019
20326,2019-04-26,Friday,April,Apr,2,2019
20327,2019-04-27,Saturday,April,Apr,2,2019
20328,2019-04-28,Sunday,April,Apr,2,2019
20329,2019-04-29,Monday,April,Apr,2,2019
20330,2019-04-30,Tuesday,April,Apr,2,2019
20401,2019-05-01,Wednesday,May,May,2,2019
20402,2019-05-02,Thursday,May,May,2,2019
20403,2019-05-03,Friday,May,May,2,2019
20404,2019-05-04,Saturday,May,May,2,2019
20405,2019-05-05,Sunday,May,May,2,2019
20406,2019-05-06,Monday,May,May,2,2019
20407,2019-05-07,Tuesday,May,May,2,2019
20408,2019-05-08,Wednesday,May,May,2,2019
20409,2019-05-09,Thursday,May,May,2,2019
20410,2019-05-10,Friday,May,May,2,2019
20411,2019-05-11,Saturday,May,May,2,2019
20412,2019-05-12,Sunday,May,May,2,2019
20413,2019-05-13,Monday,May,May,2,2019
20414,2019-05-14,Tuesday,May,May,2,2019
20415,2019-05-15,Wednesday,May,May,2,2019
20416,2019-05-16,Thursday,May,May,2,2019
20417,2019-05-17,Friday,May,May,2,2019
20418,2019-05-18,Saturday,May,May,2,2019
20419,2019-05-19,Sunday,May,May,2,2019
20420,2019-05-20,Monday,May,May,2,2019
20421,2019-05-21,Tuesday,May,May,2,2019
20422,2019-05-22,Wednesday,May,May,2,2019
20423,2019-05-23,Thursday,May,May,2,2019
20424,2019-05-24,Friday,May,May,2,2019
20425,2019-05-25,Saturday,May,May,2,2019
20426,2019-05-26,Sunday,May,May,2,2019
20427,2019-05-27,Monday,May,May,2,2019
20428,2019-05-28,Tuesday,May,May,2,2019
20429,2019-05-29,Wednesday,May,May,2,2019
20430,2019-05-30,Thursday,May,May,2,2019
20431,2019-05-31,Friday,May,May,2,2019
20501,2019-06-01,Saturday,June,Jun,2,2019
20502,2019-06-02,Sunday,June,Jun,2,2019
20503,2019-06-03,Monday,June,Jun,2,2019
20504,2019-06-04,Tuesday,June,Jun,2,2019
20505,2019-06-05,Wednesday,June,Jun,2,2019
20506,2019-06-06,Thursday,June,Jun,2,2019
20507,2019-06-07,Friday,June,Jun,2,2019
20508,2019-06-08,Saturday,June,Jun,2,2019
20509,2019-06-09,Sunday,June,Jun,2,2019
20510,2019-06-10,Monday,June,Jun,2,2019
20511,2019-06-11,Tuesday,June,Jun,2,2019
20512,2019-06-12,Wednesday,June,Jun,2,2019
20513,2019-06-13,Thursday,June,Jun,2,2019
20514,2019-06-14,Friday,June,Jun,2,2019
20515,2019-06-15,Saturday,June,Jun,2,2019
20516,2019-06-16,Sunday,June,Jun,2,2019
20517,2019-06-17,Monday,June,Jun,2,2019
20518,2019-06-18,Tuesday,June,Jun,2,2019
20519,2019-06-19,Wednesday,June,Jun,2,2019
20520,2019-06-20,Thursday,June,Jun,2,2019
20521,2019-06-21,Friday,June,Jun,2,2019
20522,2019-06-22,Saturday,June,Jun,2,2019
20523,2019-06-23,Sunday,June,Jun,2,2019
20524,2019-06-24,Monday,June,Jun,2,2019
20525,2019-06-25,Tuesday,June,Jun,2,2019
20526,2019-06-26,Wednesday,June,Jun,2,2019
20527,2019-06-27,Thursday,June,Jun,2,2019
20528,2019-06-28,Friday,June,Jun,2,2019
20529,2019-06-29,Saturday,June,Jun,2,2019
20530,2019-06-30,Sunday,June,Jun,2,2019
20601,2019-07-01,Monday,July,Jul,3,2019
20602,2019-07-02,Tuesday,July,Jul,3,2019
20603,2019-07-03,Wednesday,July,Jul,3,2019
20604,2019-07-04,Thursday,July,Jul,3,2019
20605,2019-07-05,Friday,July,Jul,3,2019
20606,2019-07-06,Saturday,July,Jul,3,2019
20607,2019-07-07,Sunday,July,Jul,3,2019
20608,2019-07-08,Monday,July,Jul,3,2019
20609,2019-07-09,Tuesday,July,Jul,3,2019
20610,2019-07-10,Wednesday,July,Jul,3,2019
20611,2019-07-11,Thursday,July,Jul,3,2019
20612,2019-07-12,Friday,July,Jul,3,2019
20613,2019-07-13,Saturday,July,Jul,3,2019
20614,2019-07-14,Sunday,July,Jul,3,2019
20615,2019-07-15,Monday,July,Jul,3,2019
20616,2019-07-16,Tuesday,July,Jul,3,2019
20617,2019-07-17,Wednesday,July,Jul,3,2019
20618,2019-07-18,Thursday,July,Jul,3,2019
20619,2019-07-19,Friday,July,Jul,3,2019
20620,2019-07-20,Saturday,July,Jul,3,2019
20621,2019-07-21,Sunday,July,Jul,3,2019
20622,2019-07-22,Monday,July,Jul,3,2019
20623,2019-07-23,Tuesday,July,Jul,3,2019
20624,2019-07-24,Wednesday,July,Jul,3,2019
20625,2019-07-25,Thursday,July,Jul,3,2019
20626,2019-07-26,Friday,July,Jul,3,2019
20627,2019-07-27,Saturday,July,Jul,3,2019
20628,2019-07-28,Sunday,July,Jul,3,2019
20629,2019-07-29,Monday,July,Jul,3,2019
20630,2019-07-30,Tuesday,July,Jul,3,2019
20631,2019-07-31,Wednesday,July,Jul,3,2019
20701,2019-08-01,Thursday,August,Aug,3,2019
20702,2019-08-02,Friday,August,Aug,3,2019
20703,2019-08-03,Saturday,August,Aug,3,2019
20704,2019-08-04,Sunday,August,Aug,3,2019
20705,2019-08-05,Monday,August,Aug,3,2019
20706,2019-08-06,Tuesday,August,Aug,3,2019
20707,2019-08-07,Wednesday,August,Aug,3,2019
20708,2019-08-08,Thursday,August,Aug,3,2019
20709,2019-08-09,Friday,August,Aug,3,2019
20710,2019-08-10,Saturday,August,Aug,3,2019
20711,2019-08-11,Sunday,August,Aug,3,2019
20712,2019-08-12,Monday,August,Aug,3,2019
20713,2019-08-13,Tuesday,August,Aug,3,2019
20714,2019-08-14,Wednesday,August,Aug,3,2019
20715,2019-08-15,Thursday,August,Aug,3,2019
20716,2019-08-16,Friday,August,Aug,3,2019
20717,2019-08-17,Saturday,August,Aug,3,2019
20718,2019-08-18,Sunday,August,Aug,3,2019
20719,2019-08-19,Monday,August,Aug,3,2019
20720,2019-08-20,Tuesday,August,Aug,3,2019
20721,2019-08-21,Wednesday,August,Aug,3,2019
20722,2019-08-22,Thursday,August,Aug,3,2019
20723,2019-08-23,Friday,August,Aug,3,2019
20724,2019-08-24,Saturday,August,Aug,3,2019
20725,2019-08-25,Sunday,August,Aug,3,2019
20726,2019-08-26,Monday,August,Aug,3,2019
20727,2019-08-27,Tuesday,August,Aug,3,2019
20728,2019-08-28,Wednesday,August,Aug,3,2019
20729,2019-08-29,Thursday,August,Aug,3,2019
20730,2019-08-30,Friday,August,Aug,3,2019
20731,2019-08-31,Saturday,August,Aug,3,2019
20801,2019-09-01,Sunday,September,Sep,3,2019
20802,2019-09-02,Monday,September,Sep,3,2019
20803,2019-09-03,Tuesday,September,Sep,3,2019
20804,2019-09-04,Wednesday,September,Sep,3,2019
20805,2019-09-05,Thursday,September,Sep,3,2019
20806,2019-09-06,Friday,September,Sep,3,2019
20807,2019-09-07,Saturday,September,Sep,3,2019
20808,2019-09-08,Sunday,September,Sep,3,2019
20809,2019-09-09,Monday,September,Sep,3,2019
20810,2019-09-10,Tuesday,September,Sep,3,2019
20811,2019-09-11,Wednesday,September,Sep,3,2019
20812,2019-09-12,Thursday,September,Sep,3,2019
20813,2019-09-13,Friday,September,Sep,3,2019
20814,2019-09-14,Saturday,September,Sep,3,2019
20815,2019-09-15,Sunday,September,Sep,3,2019
20816,2019-09-16,Monday,September,Sep,3,2019
20817,2019-09-17,Tuesday,September,Sep,3,2019
20818,2019-09-18,Wednesday,September,Sep,3,2019
20819,2019-09-19,Thursday,September,Sep,3,2019
20820,2019-09-20,Friday,September,Sep,3,2019
20821,2019-09-21,Saturday,September,Sep,3,2019
20822,2019-09-22,Sunday,September,Sep,3,2019
20823,2019-09-23,Monday,September,Sep,3,2019
20824,2019-09-24,Tuesday,September,Sep,3,2019
20825,2019-09-25,Wednesday,September,Sep,3,2019
20826,2019-09-26,Thursday,September,Sep,3,2019
20827,2019-09-27,Friday,September,Sep,3,2019
20828,2019-09-28,Saturday,September,Sep,3,2019
20829,2019-09-29,Sunday,September,Sep,3,2019
20830,2019-09-30,Monday,September,Sep,3,2019
20901,2019-10-01,Tuesday,October,Oct,4,2019
20902,2019-10-02,Wednesday,October,Oct,4,2019
20903,2019-10-03,Thursday,October,Oct,4,2019
20904,2019-10-04,Friday,October,Oct,4,2019
20905,2019-10-05,Saturday,October,Oct,4,2019
20906,2019-10-06,Sunday,October,Oct,4,2019
20907,2019-10-07,Monday,October,Oct,4,2019
20908,2019-10-08,Tuesday,October,Oct,4,2019
20909,2019-10-09,Wednesday,October,Oct,4,2019
20910,2019-10-10,Thursday,October,Oct,4,2019
20911,2019-10-11,Friday,October,Oct,4,2019
20912,2019-10-12,Saturday,October,Oct,4,2019
20913,2019-10-13,Sunday,October,Oct,4,2019
20914,2019-10-14,Monday,October,Oct,4,2019
20915,2019-10-15,Tuesday,October,Oct,4,2019
20916,2019-10-16,Wednesday,October,Oct,4,2019
20917,2019-10-17,Thursday,October,Oct,4,2019
20918,2019-10-18,Friday,October,Oct,4,2019
20919,2019-10-19,Saturday,October,Oct,4,2019
20920,2019-10-20,Sunday,October,Oct,4,2019
20921,2019-10-21,Monday,October,Oct,4,2019
20922,2019-10-22,Tuesday,October,Oct,4,2019
20923,2019-10-23,Wednesday,October,Oct,4,2019
20924,2019-10-24,Thursday,October,Oct,4,2019
20925,2019-10-25,Friday,October,Oct,4,2019
20926,2019-10-26,Saturday,October,Oct,4,2019
20927,2019-10-27,Sunday,October,Oct,4,2019
20928,2019-10-28,Monday,October,Oct,4,2019
20929,2019-10-29,Tuesday,October,Oct,4,2019
20930,2019-10-30,Wednesday,October,Oct,4,2019
20931,2019-10-31,Thursday,October,Oct,4,2019
21001,2019-11-01,Friday,November,Nov,4,2019
21002,2019-11-02,Saturday,November,Nov,4,2019
21003,2019-11-03,Sunday,November,Nov,4,2019
21004,2019-11-04,Monday,November,Nov,4,2019
21005,2019-11-05,Tuesday,November,Nov,4,2019
21006,2019-11-06,Wednesday,November,Nov,4,2019
21007,2019-11-07,Thursday,November,Nov,4,2019
21008,2019-11-08,Friday,November,Nov,4,2019
21009,2019-11-09,Saturday,November,Nov,4,2019
21010,2019-11-10,Sunday,November,Nov,4,2019
21011,2019-11-11,Monday,November,Nov,4,2019
21012,2019-11-12,Tuesday,November,Nov,4,2019
21013,2019-11-13,Wednesday,November,Nov,4,2019
21014,2019-11-14,Thursday,November,Nov,4,2019
21015,2019-11-15,Friday,November,Nov,4,2019
21016,2019-11-16,Saturday,November,Nov,4,2019
21017,2019-11-17,Sunday,November,Nov,4,2019
21018,2019-11-18,Monday,November,Nov,4,2019
21019,2019-11-19,Tuesday,November,Nov,4,2019
21020,2019-11-20,Wednesday,November,Nov,4,2019
21021,2019-11-21,Thursday,November,Nov,4,2019
21022,2019-11-22,Friday,November,Nov,4,2019
21023,2019-11-23,Saturday,November,Nov,4,2019
21024,2019-11-24,Sunday,November,Nov,4,2019
21025,2019-11-25,Monday,November,Nov,4,2019
21026,2019-11-26,Tuesday,November,Nov,4,2019
21027,2019-11-27,Wednesday,November,Nov,4,2019
21028,2019-11-28,Thursday,November,Nov,4,2019
21029,2019-11-29,Friday,November,Nov,4,2019
21030,2019-11-30,Saturday,November,Nov,4,2019
21101,2019-12-01,Sunday,December,Dec,4,2019
21102,2019-12-02,Monday,December,Dec,4,2019
21103,2019-12-03,Tuesday,December,Dec,4,2019
21104,2019-12-04,Wednesday,December,Dec,4,2019
21105,2019-12-05,Thursday,December,Dec,4,2019
21106,2019-12-06,Friday,December,Dec,4,2019
21107,2019-12-07,Saturday,December,Dec,4,2019
21108,2019-12-08,Sunday,December,Dec,4,2019
21109,2019-12-09,Monday,December,Dec,4,2019
21110,2019-12-10,Tuesday,December,Dec,4,2019
21111,2019-12-11,Wednesday,December,Dec,4,2019
21112,2019-12-12,Thursday,December,Dec,4,2019
21113,2019-12-13,Friday,December,Dec,4,2019
21114,2019-12-14,Saturday,December,Dec,4,2019
21115,2019-12-15,Sunday,December,Dec,4,2019
21116,2019-12-16,Monday,December,Dec,4,2019
21117,2019-12-17,Tuesday,December,Dec,4,2019
21118,2019-12-18,Wednesday,December,Dec,4,2019
21119,2019-12-19,Thursday,December,Dec,4,2019
21120,2019-12-20,Friday,December,Dec,4,2019
21121,2019-12-21,Saturday,December,Dec,4,2019
21122,2019-12-22,Sunday,December,Dec,4,2019
21123,2019-12-23,Monday,December,Dec,4,2019
21124,2019-12-24,Tuesday,December,Dec,4,2019
21125,2019-12-25,Wednesday,December,Dec,4,2019
21126,2019-12-26,Thursday,December,Dec,4,2019
21127,2019-12-27,Friday,December,Dec,4,2019
21128,2019-12-28,Saturday,December,Dec,4,2019
21129,2019-12-29,Sunday,December,Dec,4,2019
21130,2019-12-30,Monday,December,Dec,4,2019
21131,2019-12-31,Tuesday,December,Dec,4,2019
30001,2020-01-01,Wednesday,January,Jan,1,2020
30002,2020-01-02,Thursday,January,Jan,1,2020
30003,2020-01-03,Friday,January,Jan,1,2020
30004,2020-01-04,Saturday,January,Jan,1,2020
30005,2020-01-05,Sunday,January,Jan,1,2020
30006,2020-01-06,Monday,January,Jan,1,2020
30007,2020-01-07,Tuesday,January,Jan,1,2020
30008,2020-01-08,Wednesday,January,Jan,1,2020
30009,2020-01-09,Thursday,January,Jan,1,2020
30010,2020-01-10,Friday,January,Jan,1,2020
30011,2020-01-11,Saturday,January,Jan,1,2020
30012,2020-01-12,Sunday,January,Jan,1,2020
30013,2020-01-13,Monday,January,Jan,1,2020
30014,2020-01-14,Tuesday,January,Jan,1,2020
30015,2020-01-15,Wednesday,January,Jan,1,2020
30016,2020-01-16,Thursday,January,Jan,1,2020
30017,2020-01-17,Friday,January,Jan,1,2020
30018,2020-01-18,Saturday,January,Jan,1,2020
30019,2020-01-19,Sunday,January,Jan,1,2020
30020,2020-01-20,Monday,January,Jan,1,2020
30021,2020-01-21,Tuesday,January,Jan,1,2020
30022,2020-01-22,Wednesday,January,Jan,1,2020
30023,2020-01-23,Thursday,January,Jan,1,2020
30024,2020-01-24,Friday,January,Jan,1,2020
30025,2020-01-25,Saturday,January,Jan,1,2020
30026,2020-01-26,Sunday,January,Jan,1,2020
30027,2020-01-27,Monday,January,Jan,1,2020
30028,2020-01-28,Tuesday,January,Jan,1,2020
30029,2020-01-29,Wednesday,January,Jan,1,2020
30030,2020-01-30,Thursday,January,Jan,1,2020
30031,2020-01-31,Friday,January,Jan,1,2020
30101,2020-02-01,Saturday,February,Feb,1,2020
30102,2020-02-02,Sunday,February,Feb,1,2020
30103,2020-02-03,Monday,February,Feb,1,2020
30104,2020-02-04,Tuesday,February,Feb,1,2020
30105,2020-02-05,Wednesday,February,Feb,1,2020
30106,2020-02-06,Thursday,February,Feb,1,2020
30107,2020-02-07,Friday,February,Feb,1,2020
30108,2020-02-08,Saturday,February,Feb,1,2020
30109,2020-02-09,Sunday,February,Feb,1,2020
30110,2020-02-10,Monday,February,Feb,1,2020
30111,2020-02-11,Tuesday,February,Feb,1,2020
30112,2020-02-12,Wednesday,February,Feb,1,2020
30113,2020-02-13,Thursday,February,Feb,1,2020
30114,2020-02-14,Friday,February,Feb,1,2020
30115,2020-02-15,Saturday,February,Feb,1,2020
30116,2020-02-16,Sunday,February,Feb,1,2020
30117,2020-02-17,Monday,February,Feb,1,2020
30118,2020-02-18,Tuesday,February,Feb,1,2020
30119,2020-02-19,Wednesday,February,Feb,1,2020
30120,2020-02-20,Thursday,February,Feb,1,2020
30121,2020-02-21,Friday,February,Feb,1,2020
30122,2020-02-22,Saturday,February,Feb,1,2020
30123,2020-02-23,Sunday,February,Feb,1,2020
30124,2020-02-24,Monday,February,Feb,1,2020
30125,2020-02-25,Tuesday,February,Feb,1,2020
30126,2020-02-26,Wednesday,February,Feb,1,2020
30127,2020-02-27,Thursday,February,Feb,1,2020
30128,2020-02-28,Friday,February,Feb,1,2020
30129,2020-02-29,Saturday,February,Feb,1,2020
30201,2020-03-01,Sunday,March,Mar,1,2020
30202,2020-03-02,Monday,March,Mar,1,2020
30203,2020-03-03,Tuesday,March,Mar,1,2020
30204,2020-03-04,Wednesday,March,Mar,1,2020
30205,2020-03-05,Thursday,March,Mar,1,2020
30206,2020-03-06,Friday,March,Mar,1,2020
30207,2020-03-07,Saturday,March,Mar,1,2020
30208,2020-03-08,Sunday,March,Mar,1,2020
30209,2020-03-09,Monday,March,Mar,1,2020
30210,2020-03-10,Tuesday,March,Mar,1,2020
30211,2020-03-11,Wednesday,March,Mar,1,2020
30212,2020-03-12,Thursday,March,Mar,1,2020
30213,2020-03-13,Friday,March,Mar,1,2020
30214,2020-03-14,Saturday,March,Mar,1,2020
30215,2020-03-15,Sunday,March,Mar,1,2020
30216,2020-03-16,Monday,March,Mar,1,2020
30217,2020-03-17,Tuesday,March,Mar,1,2020
30218,2020-03-18,Wednesday,March,Mar,1,2020
30219,2020-03-19,Thursday,March,Mar,1,2020
30220,2020-03-20,Friday,March,Mar,1,2020
30221,2020-03-21,Saturday,March,Mar,1,2020
30222,2020-03-22,Sunday,March,Mar,1,2020
30223,2020-03-23,Monday,March,Mar,1,2020
30224,2020-03-24,Tuesday,March,Mar,1,2020
30225,2020-03-25,Wednesday,March,Mar,1,2020
30226,2020-03-26,Thursday,March,Mar,1,2020
30227,2020-03-27,Friday,March,Mar,1,2020
30228,2020-03-28,Saturday,March,Mar,1,2020
30229,2020-03-29,Sunday,March,Mar,1,2020
30230,2020-03-30,Monday,March,Mar,1,2020
30231,2020-03-31,Tuesday,March,Mar,1,2020
30301,2020-04-01,Wednesday,April,Apr,2,2020
30302,2020-04-02,Thursday,April,Apr,2,2020
30303,2020-04-03,Friday,April,Apr,2,2020
30304,2020-04-04,Saturday,April,Apr,2,2020
30305,2020-04-05,Sunday,April,Apr,2,2020
30306,2020-04-06,Monday,April,Apr,2,2020
30307,2020-04-07,Tuesday,April,Apr,2,2020
30308,2020-04-08,Wednesday,April,Apr,2,2020
30309,2020-04-09,Thursday,April,Apr,2,2020
30310,2020-04-10,Friday,April,Apr,2,2020
30311,2020-04-11,Saturday,April,Apr,2,2020
30312,2020-04-12,Sunday,April,Apr,2,2020
30313,2020-04-13,Monday,April,Apr,2,2020
30314,2020-04-14,Tuesday,April,Apr,2,2020
30315,2020-04-15,Wednesday,April,Apr,2,2020
30316,2020-04-16,Thursday,April,Apr,2,2020
30317,2020-04-17,Friday,April,Apr,2,2020
30318,2020-04-18,Saturday,April,Apr,2,2020
30319,2020-04-19,Sunday,April,Apr,2,2020
30320,2020-04-20,Monday,April,Apr,2,2020
30321,2020-04-21,Tuesday,April,Apr,2,2020
30322,2020-04-22,Wednesday,April,Apr,2,2020
30323,2020-04-23,Thursday,April,Apr,2,2020
30324,2020-04-24,Friday,April,Apr,2,2020
30325,2020-04-25,Saturday,April,Apr,2,2020
30326,2020-04-26,Sunday,April,Apr,2,2020
30327,2020-04-27,Monday,April,Apr,2,2020
30328,2020-04-28,Tuesday,April,Apr,2,2020
30329,2020-04-29,Wednesday,April,Apr,2,2020
30330,2020-04-30,Thursday,April,Apr,2,2020
30401,2020-05-01,Friday,May,May,2,2020
30402,2020-05-02,Saturday,May,May,2,2020
30403,2020-05-03,Sunday,May,May,2,2020
30404,2020-05-04,Monday,May,May,2,2020
30405,2020-05-05,Tuesday,May,May,2,2020
30406,2020-05-06,Wednesday,May,May,2,2020
30407,2020-05-07,Thursday,May,May,2,2020
30408,2020-05-08,Friday,May,May,2,2020
30409,2020-05-09,Saturday,May,May,2,2020
30410,2020-05-10,Sunday,May,May,2,2020
30411,2020-05-11,Monday,May,May,2,2020
30412,2020-05-12,Tuesday,May,May,2,2020
30413,2020-05-13,Wednesday,May,May,2,2020
30414,2020-05-14,Thursday,May,May,2,2020
30415,2020-05-15,Friday,May,May,2,2020
30416,2020-05-16,Saturday,May,May,2,2020
30417,2020-05-17,Sunday,May,May,2,2020
30418,2020-05-18,Monday,May,May,2,2020
30419,2020-05-19,Tuesday,May,May,2,2020
30420,2020-05-20,Wednesday,May,May,2,2020
30421,2020-05-21,Thursday,May,May,2,2020
30422,2020-05-22,Friday,May,May,2,2020
30423,2020-05-23,Saturday,May,May,2,2020
30424,2020-05-24,Sunday,May,May,2,2020
30425,2020-05-25,Monday,May,May,2,2020
30426,2020-05-26,Tuesday,May,May,2,2020
30427,2020-05-27,Wednesday,May,May,2,2020
30428,2020-05-28,Thursday,May,May,2,2020
30429,2020-05-29,Friday,May,May,2,2020
30430,2020-05-30,Saturday,May,May,2,2020
30431,2020-05-31,Sunday,May,May,2,2020
30501,2020-06-01,Monday,June,Jun,2,2020
30502,2020-06-02,Tuesday,June,Jun,2,2020
30503,2020-06-03,Wednesday,June,Jun,2,2020
30504,2020-06-04,Thursday,June,Jun,2,2020
30505,2020-06-05,Friday,June,Jun,2,2020
30506,2020-06-06,Saturday,June,Jun,2,2020
30507,2020-06-07,Sunday,June,Jun,2,2020
30508,2020-06-08,Monday,June,Jun,2,2020
30509,2020-06-09,Tuesday,June,Jun,2,2020
30510,2020-06-10,Wednesday,June,Jun,2,2020
30511,2020-06-11,Thursday,June,Jun,2,2020
30512,2020-06-12,Friday,June,Jun,2,2020
30513,2020-06-13,Saturday,June,Jun,2,2020
30514,2020-06-14,Sunday,June,Jun,2,2020
30515,2020-06-15,Monday,June,Jun,2,2020
30516,2020-06-16,Tuesday,June,Jun,2,2020
30517,2020-06-17,Wednesday,June,Jun,2,2020
30518,2020-06-18,Thursday,June,Jun,2,2020
30519,2020-06-19,Friday,June,Jun,2,2020
30520,2020-06-20,Saturday,June,Jun,2,2020
30521,2020-06-21,Sunday,June,Jun,2,2020
30522,2020-06-22,Monday,June,Jun,2,2020
30523,2020-06-23,Tuesday,June,Jun,2,2020
30524,2020-06-24,Wednesday,June,Jun,2,2020
30525,2020-06-25,Thursday,June,Jun,2,2020
30526,2020-06-26,Friday,June,Jun,2,2020
30527,2020-06-27,Saturday,June,Jun,2,2020
30528,2020-06-28,Sunday,June,Jun,2,2020
30529,2020-06-29,Monday,June,Jun,2,2020
30530,2020-06-30,Tuesday,June,Jun,2,2020
30601,2020-07-01,Wednesday,July,Jul,3,2020
30602,2020-07-02,Thursday,July,Jul,3,2020
30603,2020-07-03,Friday,July,Jul,3,2020
30604,2020-07-04,Saturday,July,Jul,3,2020
30605,2020-07-05,Sunday,July,Jul,3,2020
30606,2020-07-06,Monday,July,Jul,3,2020
30607,2020-07-07,Tuesday,July,Jul,3,2020
30608,2020-07-08,Wednesday,July,Jul,3,2020
30609,2020-07-09,Thursday,July,Jul,3,2020
30610,2020-07-10,Friday,July,Jul,3,2020
30611,2020-07-11,Saturday,July,Jul,3,2020
30612,2020-07-12,Sunday,July,Jul,3,2020
30613,2020-07-13,Monday,July,Jul,3,2020
30614,2020-07-14,Tuesday,July,Jul,3,2020
30615,2020-07-15,Wednesday,July,Jul,3,2020
30616,2020-07-16,Thursday,July,Jul,3,2020
30617,2020-07-17,Friday,July,Jul,3,2020
30618,2020-07-18,Saturday,July,Jul,3,2020
30619,2020-07-19,Sunday,July,Jul,3,2020
30620,2020-07-20,Monday,July,Jul,3,2020
30621,2020-07-21,Tuesday,July,Jul,3,2020
30622,2020-07-22,Wednesday,July,Jul,3,2020
30623,2020-07-23,Thursday,July,Jul,3,2020
30624,2020-07-24,Friday,July,Jul,3,2020
30625,2020-07-25,Saturday,July,Jul,3,2020
30626,2020-07-26,Sunday,July,Jul,3,2020
30627,2020-07-27,Monday,July,Jul,3,2020
30628,2020-07-28,Tuesday,July,Jul,3,2020
30629,2020-07-29,Wednesday,July,Jul,3,2020
30630,2020-07-30,Thursday,July,Jul,3,2020
30631,2020-07-31,Friday,July,Jul,3,2020
30701,2020-08-01,Saturday,August,Aug,3,2020
30702,2020-08-02,Sunday,August,Aug,3,2020
30703,2020-08-03,Monday,August,Aug,3,2020
30704,2020-08-04,Tuesday,August,Aug,3,2020
30705,2020-08-05,Wednesday,August,Aug,3,2020
30706,2020-08-06,Thursday,August,Aug,3,2020
30707,2020-08-07,Friday,August,Aug,3,2020
30708,2020-08-08,Saturday,August,Aug,3,2020
30709,2020-08-09,Sunday,August,Aug,3,2020
30710,2020-08-10,Monday,August,Aug,3,2020
30711,2020-08-11,Tuesday,August,Aug,3,2020
30712,2020-08-12,Wednesday,August,Aug,3,2020
30713,2020-08-13,Thursday,August,Aug,3,2020
30714,2020-08-14,Friday,August,Aug,3,2020
30715,2020-08-15,Saturday,August,Aug,3,2020
30716,2020-08-16,Sunday,August,Aug,3,2020
30717,2020-08-17,Monday,August,Aug,3,2020
30718,2020-08-18,Tuesday,August,Aug,3,2020
30719,2020-08-19,Wednesday,August,Aug,3,2020
30720,2020-08-20,Thursday,August,Aug,3,2020
30721,2020-08-21,Friday,August,Aug,3,2020
30722,2020-08-22,Saturday,August,Aug,3,2020
30723,2020-08-23,Sunday,August,Aug,3,2020
30724,2020-08-24,Monday,August,Aug,3,2020
30725,2020-08-25,Tuesday,August,Aug,3,2020
30726,2020-08-26,Wednesday,August,Aug,3,2020
30727,2020-08-27,Thursday,August,Aug,3,2020
30728,2020-08-28,Friday,August,Aug,3,2020
30729,2020-08-29,Saturday,August,Aug,3,2020
30730,2020-08-30,Sunday,August,Aug,3,2020
30731,2020-08-31,Monday,August,Aug,3,2020
30801,2020-09-01,Tuesday,September,Sep,3,2020
30802,2020-09-02,Wednesday,September,Sep,3,2020
30803,2020-09-03,Thursday,September,Sep,3,2020
30804,2020-09-04,Friday,September,Sep,3,2020
30805,2020-09-05,Saturday,September,Sep,3,2020
30806,2020-09-06,Sunday,September,Sep,3,2020
30807,2020-09-07,Monday,September,Sep,3,2020
30808,2020-09-08,Tuesday,September,Sep,3,2020
30809,2020-09-09,Wednesday,September,Sep,3,2020
30810,2020-09-10,Thursday,September,Sep,3,2020
30811,2020-09-11,Friday,September,Sep,3,2020
30812,2020-09-12,Saturday,September,Sep,3,2020
30813,2020-09-13,Sunday,September,Sep,3,2020
30814,2020-09-14,Monday,September,Sep,3,2020
30815,2020-09-15,Tuesday,September,Sep,3,2020
30816,2020-09-16,Wednesday,September,Sep,3,2020
30817,2020-09-17,Thursday,September,Sep,3,2020
30818,2020-09-18,Friday,September,Sep,3,2020
30819,2020-09-19,Saturday,September,Sep,3,2020
30820,2020-09-20,Sunday,September,Sep,3,2020
30821,2020-09-21,Monday,September,Sep,3,2020
30822,2020-09-22,Tuesday,September,Sep,3,2020
30823,2020-09-23,Wednesday,September,Sep,3,2020
30824,2020-09-24,Thursday,September,Sep,3,2020
30825,2020-09-25,Friday,September,Sep,3,2020
30826,2020-09-26,Saturday,September,Sep,3,2020
30827,2020-09-27,Sunday,September,Sep,3,2020
30828,2020-09-28,Monday,September,Sep,3,2020
30829,2020-09-29,Tuesday,September,Sep,3,2020
30830,2020-09-30,Wednesday,September,Sep,3,2020
30901,2020-10-01,Thursday,October,Oct,4,2020
30902,2020-10-02,Friday,October,Oct,4,2020
30903,2020-10-03,Saturday,October,Oct,4,2020
30904,2020-10-04,Sunday,October,Oct,4,2020
30905,2020-10-05,Monday,October,Oct,4,2020
30906,2020-10-06,Tuesday,October,Oct,4,2020
30907,2020-10-07,Wednesday,October,Oct,4,2020
30908,2020-10-08,Thursday,October,Oct,4,2020
30909,2020-10-09,Friday,October,Oct,4,2020
30910,2020-10-10,Saturday,October,Oct,4,2020
30911,2020-10-11,Sunday,October,Oct,4,2020
30912,2020-10-12,Monday,October,Oct,4,2020
30913,2020-10-13,Tuesday,October,Oct,4,2020
30914,2020-10-14,Wednesday,October,Oct,4,2020
30915,2020-10-15,Thursday,October,Oct,4,2020
30916,2020-10-16,Friday,October,Oct,4,2020
30917,2020-10-17,Saturday,October,Oct,4,2020
30918,2020-10-18,Sunday,October,Oct,4,2020
30919,2020-10-19,Monday,October,Oct,4,2020
30920,2020-10-20,Tuesday,October,Oct,4,2020
30921,2020-10-21,Wednesday,October,Oct,4,2020
30922,2020-10-22,Thursday,October,Oct,4,2020
30923,2020-10-23,Friday,October,Oct,4,2020
30924,2020-10-24,Saturday,October,Oct,4,2020
30925,2020-10-25,Sunday,October,Oct,4,2020
30926,2020-10-26,Monday,October,Oct,4,2020
30927,2020-10-27,Tuesday,October,Oct,4,2020
30928,2020-10-28,Wednesday,October,Oct,4,2020
30929,2020-10-29,Thursday,October,Oct,4,2020
30930,2020-10-30,Friday,October,Oct,4,2020
30931,2020-10-31,Saturday,October,Oct,4,2020
31001,2020-11-01,Sunday,November,Nov,4,2020
31002,2020-11-02,Monday,November,Nov,4,2020
31003,2020-11-03,Tuesday,November,Nov,4,2020
31004,2020-11-04,Wednesday,November,Nov,4,2020
31005,2020-11-05,Thursday,November,Nov,4,2020
31006,2020-11-06,Friday,November,Nov,4,2020
31007,2020-11-07,Saturday,November,Nov,4,2020
31008,2020-11-08,Sunday,November,Nov,4,2020
31009,2020-11-09,Monday,November,Nov,4,2020
31010,2020-11-10,Tuesday,November,Nov,4,2020
31011,2020-11-11,Wednesday,November,Nov,4,2020
31012,2020-11-12,Thursday,November,Nov,4,2020
31013,2020-11-13,Friday,November,Nov,4,2020
31014,2020-11-14,Saturday,November,Nov,4,2020
31015,2020-11-15,Sunday,November,Nov,4,2020
31016,2020-11-16,Monday,November,Nov,4,2020
31017,2020-11-17,Tuesday,November,Nov,4,2020
31018,2020-11-18,Wednesday,November,Nov,4,2020
31019,2020-11-19,Thursday,November,Nov,4,2020
31020,2020-11-20,Friday,November,Nov,4,2020
31021,2020-11-21,Saturday,November,Nov,4,2020
31022,2020-11-22,Sunday,November,Nov,4,2020
31023,2020-11-23,Monday,November,Nov,4,2020
31024,2020-11-24,Tuesday,November,Nov,4,2020
31025,2020-11-25,Wednesday,November,Nov,4,2020
31026,2020-11-26,Thursday,November,Nov,4,2020
31027,2020-11-27,Friday,November,Nov,4,2020
31028,2020-11-28,Saturday,November,Nov,4,2020
31029,2020-11-29,Sunday,November,Nov,4,2020
31030,2020-11-30,Monday,November,Nov,4,2020
31101,2020-12-01,Tuesday,December,Dec,4,2020
31102,2020-12-02,Wednesday,December,Dec,4,2020
31103,2020-12-03,Thursday,December,Dec,4,2020
31104,2020-12-04,Friday,December,Dec,4,2020
31105,2020-12-05,Saturday,December,Dec,4,2020
31106,2020-12-06,Sunday,December,Dec,4,2020
31107,2020-12-07,Monday,December,Dec,4,2020
31108,2020-12-08,Tuesday,December,Dec,4,2020
31109,2020-12-09,Wednesday,December,Dec,4,2020
31110,2020-12-10,Thursday,December,Dec,4,2020
31111,2020-12-11,Friday,December,Dec,4,2020
31112,2020-12-12,Saturday,December,Dec,4,2020
31113,2020-12-13,Sunday,December,Dec,4,2020
31114,2020-12-14,Monday,December,Dec,4,2020
31115,2020-12-15,Tuesday,December,Dec,4,2020
31116,2020-12-16,Wednesday,December,Dec,4,2020
31117,2020-12-17,Thursday,December,Dec,4,2020
31118,2020-12-18,Friday,December,Dec,4,2020
31119,2020-12-19,Saturday,December,Dec,4,2020
31120,2020-12-20,Sunday,December,Dec,4,2020
31121,2020-12-21,Monday,December,Dec,4,2020
31122,2020-12-22,Tuesday,December,Dec,4,2020
31123,2020-12-23,Wednesday,December,Dec,4,2020
31124,2020-12-24,Thursday,December,Dec,4,2020
31125,2020-12-25,Friday,December,Dec,4,2020
31126,2020-12-26,Saturday,December,Dec,4,2020
31127,2020-12-27,Sunday,December,Dec,4,2020
31128,2020-12-28,Monday,December,Dec,4,2020
31129,2020-12-29,Tuesday,December,Dec,4,2020
31130,2020-12-30,Wednesday,December,Dec,4,2020
31131,2020-12-31,Thursday,December,Dec,4,2020
40001,2021-01-01,Friday,January,Jan,1,2021
40002,2021-01-02,Saturday,January,Jan,1,2021
40003,2021-01-03,Sunday,January,Jan,1,2021
40004,2021-01-04,Monday,January,Jan,1,2021
40005,2021-01-05,Tuesday,January,Jan,1,2021
40006,2021-01-06,Wednesday,January,Jan,1,2021
40007,2021-01-07,Thursday,January,Jan,1,2021
40008,2021-01-08,Friday,January,Jan,1,2021
40009,2021-01-09,Saturday,January,Jan,1,2021
40010,2021-01-10,Sunday,January,Jan,1,2021
40011,2021-01-11,Monday,January,Jan,1,2021
40012,2021-01-12,Tuesday,January,Jan,1,2021
40013,2021-01-13,Wednesday,January,Jan,1,2021
40014,2021-01-14,Thursday,January,Jan,1,2021
40015,2021-01-15,Friday,January,Jan,1,2021
40016,2021-01-16,Saturday,January,Jan,1,2021
40017,2021-01-17,Sunday,January,Jan,1,2021
40018,2021-01-18,Monday,January,Jan,1,2021
40019,2021-01-19,Tuesday,January,Jan,1,2021
40020,2021-01-20,Wednesday,January,Jan,1,2021
40021,2021-01-21,Thursday,January,Jan,1,2021
40022,2021-01-22,Friday,January,Jan,1,2021
40023,2021-01-23,Saturday,January,Jan,1,2021
40024,2021-01-24,Sunday,January,Jan,1,2021
40025,2021-01-25,Monday,January,Jan,1,2021
40026,2021-01-26,Tuesday,January,Jan,1,2021
40027,2021-01-27,Wednesday,January,Jan,1,2021
40028,2021-01-28,Thursday,January,Jan,1,2021
40029,2021-01-29,Friday,January,Jan,1,2021
40030,2021-01-30,Saturday,January,Jan,1,2021
40031,2021-01-31,Sunday,January,Jan,1,2021
40101,2021-02-01,Monday,February,Feb,1,2021
40102,2021-02-02,Tuesday,February,Feb,1,2021
40103,2021-02-03,Wednesday,February,Feb,1,2021
40104,2021-02-04,Thursday,February,Feb,1,2021
40105,2021-02-05,Friday,February,Feb,1,2021
40106,2021-02-06,Saturday,February,Feb,1,2021
40107,2021-02-07,Sunday,February,Feb,1,2021
40108,2021-02-08,Monday,February,Feb,1,2021
40109,2021-02-09,Tuesday,February,Feb,1,2021
40110,2021-02-10,Wednesday,February,Feb,1,2021
40111,2021-02-11,Thursday,February,Feb,1,2021
40112,2021-02-12,Friday,February,Feb,1,2021
40113,2021-02-13,Saturday,February,Feb,1,2021
40114,2021-02-14,Sunday,February,Feb,1,2021
40115,2021-02-15,Monday,February,Feb,1,2021
40116,2021-02-16,Tuesday,February,Feb,1,2021
40117,2021-02-17,Wednesday,February,Feb,1,2021
40118,2021-02-18,Thursday,February,Feb,1,2021
40119,2021-02-19,Friday,February,Feb,1,2021
40120,2021-02-20,Saturday,February,Feb,1,2021
40121,2021-02-21,Sunday,February,Feb,1,2021
40122,2021-02-22,Monday,February,Feb,1,2021
40123,2021-02-23,Tuesday,February,Feb,1,2021
40124,2021-02-24,Wednesday,February,Feb,1,2021
40125,2021-02-25,Thursday,February,Feb,1,2021
40126,2021-02-26,Friday,February,Feb,1,2021
40127,2021-02-27,Saturday,February,Feb,1,2021
40128,2021-02-28,Sunday,February,Feb,1,2021
40201,2021-03-01,Monday,March,Mar,1,2021
40202,2021-03-02,Tuesday,March,Mar,1,2021
40203,2021-03-03,Wednesday,March,Mar,1,2021
40204,2021-03-04,Thursday,March,Mar,1,2021
40205,2021-03-05,Friday,March,Mar,1,2021
40206,2021-03-06,Saturday,March,Mar,1,2021
40207,2021-03-07,Sunday,March,Mar,1,2021
40208,2021-03-08,Monday,March,Mar,1,2021
40209,2021-03-09,Tuesday,March,Mar,1,2021
40210,2021-03-10,Wednesday,March,Mar,1,2021
40211,2021-03-11,Thursday,March,Mar,1,2021
40212,2021-03-12,Friday,March,Mar,1,2021
40213,2021-03-13,Saturday,March,Mar,1,2021
40214,2021-03-14,Sunday,March,Mar,1,2021
40215,2021-03-15,Monday,March,Mar,1,2021
40216,2021-03-16,Tuesday,March,Mar,1,2021
40217,2021-03-17,Wednesday,March,Mar,1,2021
40218,2021-03-18,Thursday,March,Mar,1,2021
40219,2021-03-19,Friday,March,Mar,1,2021
40220,2021-03-20,Saturday,March,Mar,1,2021
40221,2021-03-21,Sunday,March,Mar,1,2021
40222,2021-03-22,Monday,March,Mar,1,2021
40223,2021-03-23,Tuesday,March,Mar,1,2021
40224,2021-03-24,Wednesday,March,Mar,1,2021
40225,2021-03-25,Thursday,March,Mar,1,2021
40226,2021-03-26,Friday,March,Mar,1,2021
40227,2021-03-27,Saturday,March,Mar,1,2021
40228,2021-03-28,Sunday,March,Mar,1,2021
40229,2021-03-29,Monday,March,Mar,1,2021
40230,2021-03-30,Tuesday,March,Mar,1,2021
40231,2021-03-31,Wednesday,March,Mar,1,2021
40301,2021-04-01,Thursday,April,Apr,2,2021
40302,2021-04-02,Friday,April,Apr,2,2021
40303,2021-04-03,Saturday,April,Apr,2,2021
40304,2021-04-04,Sunday,April,Apr,2,2021
40305,2021-04-05,Monday,April,Apr,2,2021
40306,2021-04-06,Tuesday,April,Apr,2,2021
40307,2021-04-07,Wednesday,April,Apr,2,2021
40308,2021-04-08,Thursday,April,Apr,2,2021
40309,2021-04-09,Friday,April,Apr,2,2021
40310,2021-04-10,Saturday,April,Apr,2,2021
40311,2021-04-11,Sunday,April,Apr,2,2021
40312,2021-04-12,Monday,April,Apr,2,2021
40313,2021-04-13,Tuesday,April,Apr,2,2021
40314,2021-04-14,Wednesday,April,Apr,2,2021
40315,2021-04-15,Thursday,April,Apr,2,2021
40316,2021-04-16,Friday,April,Apr,2,2021
40317,2021-04-17,Saturday,April,Apr,2,2021
40318,2021-04-18,Sunday,April,Apr,2,2021
40319,2021-04-19,Monday,April,Apr,2,2021
40320,2021-04-20,Tuesday,April,Apr,2,2021
40321,2021-04-21,Wednesday,April,Apr,2,2021
40322,2021-04-22,Thursday,April,Apr,2,2021
40323,2021-04-23,Friday,April,Apr,2,2021
40324,2021-04-24,Saturday,April,Apr,2,2021
40325,2021-04-25,Sunday,April,Apr,2,2021
40326,2021-04-26,Monday,April,Apr,2,2021
40327,2021-04-27,Tuesday,April,Apr,2,2021
40328,2021-04-28,Wednesday,April,Apr,2,2021
40329,2021-04-29,Thursday,April,Apr,2,2021
40330,2021-04-30,Friday,April,Apr,2,2021
40401,2021-05-01,Saturday,May,May,2,2021
40402,2021-05-02,Sunday,May,May,2,2021
40403,2021-05-03,Monday,May,May,2,2021
40404,2021-05-04,Tuesday,May,May,2,2021
40405,2021-05-05,Wednesday,May,May,2,2021
40406,2021-05-06,Thursday,May,May,2,2021
40407,2021-05-07,Friday,May,May,2,2021
40408,2021-05-08,Saturday,May,May,2,2021
40409,2021-05-09,Sunday,May,May,2,2021
40410,2021-05-10,Monday,May,May,2,2021
40411,2021-05-11,Tuesday,May,May,2,2021
40412,2021-05-12,Wednesday,May,May,2,2021
40413,2021-05-13,Thursday,May,May,2,2021
40414,2021-05-14,Friday,May,May,2,2021
40415,2021-05-15,Saturday,May,May,2,2021
40416,2021-05-16,Sunday,May,May,2,2021
40417,2021-05-17,Monday,May,May,2,2021
40418,2021-05-18,Tuesday,May,May,2,2021
40419,2021-05-19,Wednesday,May,May,2,2021
40420,2021-05-20,Thursday,May,May,2,2021
40421,2021-05-21,Friday,May,May,2,2021
40422,2021-05-22,Saturday,May,May,2,2021
40423,2021-05-23,Sunday,May,May,2,2021
40424,2021-05-24,Monday,May,May,2,2021
40425,2021-05-25,Tuesday,May,May,2,2021
40426,2021-05-26,Wednesday,May,May,2,2021
40427,2021-05-27,Thursday,May,May,2,2021
40428,2021-05-28,Friday,May,May,2,2021
40429,2021-05-29,Saturday,May,May,2,2021
40430,2021-05-30,Sunday,May,May,2,2021
40431,2021-05-31,Monday,May,May,2,2021
40501,2021-06-01,Tuesday,June,Jun,2,2021
40502,2021-06-02,Wednesday,June,Jun,2,2021
40503,2021-06-03,Thursday,June,Jun,2,2021
40504,2021-06-04,Friday,June,Jun,2,2021
40505,2021-06-05,Saturday,June,Jun,2,2021
40506,2021-06-06,Sunday,June,Jun,2,2021
40507,2021-06-07,Monday,June,Jun,2,2021
40508,2021-06-08,Tuesday,June,Jun,2,2021
40509,2021-06-09,Wednesday,June,Jun,2,2021
40510,2021-06-10,Thursday,June,Jun,2,2021
40511,2021-06-11,Friday,June,Jun,2,2021
40512,2021-06-12,Saturday,June,Jun,2,2021
40513,2021-06-13,Sunday,June,Jun,2,2021
40514,2021-06-14,Monday,June,Jun,2,2021
40515,2021-06-15,Tuesday,June,Jun,2,2021
40516,2021-06-16,Wednesday,June,Jun,2,2021
40517,2021-06-17,Thursday,June,Jun,2,2021
40518,2021-06-18,Friday,June,Jun,2,2021
40519,2021-06-19,Saturday,June,Jun,2,2021
40520,2021-06-20,Sunday,June,Jun,2,2021
40521,2021-06-21,Monday,June,Jun,2,2021
40522,2021-06-22,Tuesday,June,Jun,2,2021
40523,2021-06-23,Wednesday,June,Jun,2,2021
40524,2021-06-24,Thursday,June,Jun,2,2021
40525,2021-06-25,Friday,June,Jun,2,2021
40526,2021-06-26,Saturday,June,Jun,2,2021
40527,2021-06-27,Sunday,June,Jun,2,2021
40528,2021-06-28,Monday,June,Jun,2,2021
40529,2021-06-29,Tuesday,June,Jun,2,2021
40530,2021-06-30,Wednesday,June,Jun,2,2021
40601,2021-07-01,Thursday,July,Jul,3,2021
40602,2021-07-02,Friday,July,Jul,3,2021
40603,2021-07-03,Saturday,July,Jul,3,2021
40604,2021-07-04,Sunday,July,Jul,3,2021
40605,2021-07-05,Monday,July,Jul,3,2021
40606,2021-07-06,Tuesday,July,Jul,3,2021
40607,2021-07-07,Wednesday,July,Jul,3,2021
40608,2021-07-08,Thursday,July,Jul,3,2021
40609,2021-07-09,Friday,July,Jul,3,2021
40610,2021-07-10,Saturday,July,Jul,3,2021
40611,2021-07-11,Sunday,July,Jul,3,2021
40612,2021-07-12,Monday,July,Jul,3,2021
40613,2021-07-13,Tuesday,July,Jul,3,2021
40614,2021-07-14,Wednesday,July,Jul,3,2021
40615,2021-07-15,Thursday,July,Jul,3,2021
40616,2021-07-16,Friday,July,Jul,3,2021
40617,2021-07-17,Saturday,July,Jul,3,2021
40618,2021-07-18,Sunday,July,Jul,3,2021
40619,2021-07-19,Monday,July,Jul,3,2021
40620,2021-07-20,Tuesday,July,Jul,3,2021
40621,2021-07-21,Wednesday,July,Jul,3,2021
40622,2021-07-22,Thursday,July,Jul,3,2021
40623,2021-07-23,Friday,July,Jul,3,2021
40624,2021-07-24,Saturday,July,Jul,3,2021
40625,2021-07-25,Sunday,July,Jul,3,2021
40626,2021-07-26,Monday,July,Jul,3,2021
40627,2021-07-27,Tuesday,July,Jul,3,2021
40628,2021-07-28,Wednesday,July,Jul,3,2021
40629,2021-07-29,Thursday,July,Jul,3,2021
40630,2021-07-30,Friday,July,Jul,3,2021
40631,2021-07-31,Saturday,July,Jul,3,2021
40701,2021-08-01,Sunday,August,Aug,3,2021
40702,2021-08-02,Monday,August,Aug,3,2021
40703,2021-08-03,Tuesday,August,Aug,3,2021
40704,2021-08-04,Wednesday,August,Aug,3,2021
40705,2021-08-05,Thursday,August,Aug,3,2021
40706,2021-08-06,Friday,August,Aug,3,2021
40707,2021-08-07,Saturday,August,Aug,3,2021
40708,2021-08-08,Sunday,August,Aug,3,2021
40709,2021-08-09,Monday,August,Aug,3,2021
40710,2021-08-10,Tuesday,August,Aug,3,2021
40711,2021-08-11,Wednesday,August,Aug,3,2021
40712,2021-08-12,Thursday,August,Aug,3,2021
40713,2021-08-13,Friday,August,Aug,3,2021
40714,2021-08-14,Saturday,August,Aug,3,2021
40715,2021-08-15,Sunday,August,Aug,3,2021
40716,2021-08-16,Monday,August,Aug,3,2021
40717,2021-08-17,Tuesday,August,Aug,3,2021
40718,2021-08-18,Wednesday,August,Aug,3,2021
40719,2021-08-19,Thursday,August,Aug,3,2021
40720,2021-08-20,Friday,August,Aug,3,2021
40721,2021-08-21,Saturday,August,Aug,3,2021
40722,2021-08-22,Sunday,August,Aug,3,2021
40723,2021-08-23,Monday,August,Aug,3,2021
40724,2021-08-24,Tuesday,August,Aug,3,2021
40725,2021-08-25,Wednesday,August,Aug,3,2021
40726,2021-08-26,Thursday,August,Aug,3,2021
40727,2021-08-27,Friday,August,Aug,3,2021
40728,2021-08-28,Saturday,August,Aug,3,2021
40729,2021-08-29,Sunday,August,Aug,3,2021
40730,2021-08-30,Monday,August,Aug,3,2021
40731,2021-08-31,Tuesday,August,Aug,3,2021
40801,2021-09-01,Wednesday,September,Sep,3,2021
40802,2021-09-02,Thursday,September,Sep,3,2021
40803,2021-09-03,Friday,September,Sep,3,2021
40804,2021-09-04,Saturday,September,Sep,3,2021
40805,2021-09-05,Sunday,September,Sep,3,2021
40806,2021-09-06,Monday,September,Sep,3,2021
40807,2021-09-07,Tuesday,September,Sep,3,2021
40808,2021-09-08,Wednesday,September,Sep,3,2021
40809,2021-09-09,Thursday,September,Sep,3,2021
40810,2021-09-10,Friday,September,Sep,3,2021
40811,2021-09-11,Saturday,September,Sep,3,2021
40812,2021-09-12,Sunday,September,Sep,3,2021
40813,2021-09-13,Monday,September,Sep,3,2021
40814,2021-09-14,Tuesday,September,Sep,3,2021
40815,2021-09-15,Wednesday,September,Sep,3,2021
40816,2021-09-16,Thursday,September,Sep,3,2021
40817,2021-09-17,Friday,September,Sep,3,2021
40818,2021-09-18,Saturday,September,Sep,3,2021
40819,2021-09-19,Sunday,September,Sep,3,2021
40820,2021-09-20,Monday,September,Sep,3,2021
40821,2021-09-21,Tuesday,September,Sep,3,2021
40822,2021-09-22,Wednesday,September,Sep,3,2021
40823,2021-09-23,Thursday,September,Sep,3,2021
40824,2021-09-24,Friday,September,Sep,3,2021
40825,2021-09-25,Saturday,September,Sep,3,2021
40826,2021-09-26,Sunday,September,Sep,3,2021
40827,2021-09-27,Monday,September,Sep,3,2021
40828,2021-09-28,Tuesday,September,Sep,3,2021
40829,2021-09-29,Wednesday,September,Sep,3,2021
40830,2021-09-30,Thursday,September,Sep,3,2021
40901,2021-10-01,Friday,October,Oct,4,2021
40902,2021-10-02,Saturday,October,Oct,4,2021
40903,2021-10-03,Sunday,October,Oct,4,2021
40904,2021-10-04,Monday,October,Oct,4,2021
40905,2021-10-05,Tuesday,October,Oct,4,2021
40906,2021-10-06,Wednesday,October,Oct,4,2021
40907,2021-10-07,Thursday,October,Oct,4,2021
40908,2021-10-08,Friday,October,Oct,4,2021
40909,2021-10-09,Saturday,October,Oct,4,2021
40910,2021-10-10,Sunday,October,Oct,4,2021
40911,2021-10-11,Monday,October,Oct,4,2021
40912,2021-10-12,Tuesday,October,Oct,4,2021
40913,2021-10-13,Wednesday,October,Oct,4,2021
40914,2021-10-14,Thursday,October,Oct,4,2021
40915,2021-10-15,Friday,October,Oct,4,2021
40916,2021-10-16,Saturday,October,Oct,4,2021
40917,2021-10-17,Sunday,October,Oct,4,2021
40918,2021-10-18,Monday,October,Oct,4,2021
40919,2021-10-19,Tuesday,October,Oct,4,2021
40920,2021-10-20,Wednesday,October,Oct,4,2021
40921,2021-10-21,Thursday,October,Oct,4,2021
40922,2021-10-22,Friday,October,Oct,4,2021
40923,2021-10-23,Saturday,October,Oct,4,2021
40924,2021-10-24,Sunday,October,Oct,4,2021
40925,2021-10-25,Monday,October,Oct,4,2021
40926,2021-10-26,Tuesday,October,Oct,4,2021
40927,2021-10-27,Wednesday,October,Oct,4,2021
40928,2021-10-28,Thursday,October,Oct,4,2021
40929,2021-10-29,Friday,October,Oct,4,2021
40930,2021-10-30,Saturday,October,Oct,4,2021
40931,2021-10-31,Sunday,October,Oct,4,2021
41001,2021-11-01,Monday,November,Nov,4,2021
41002,2021-11-02,Tuesday,November,Nov,4,2021
41003,2021-11-03,Wednesday,November,Nov,4,2021
41004,2021-11-04,Thursday,November,Nov,4,2021
41005,2021-11-05,Friday,November,Nov,4,2021
41006,2021-11-06,Saturday,November,Nov,4,2021
41007,2021-11-07,Sunday,November,Nov,4,2021
41008,2021-11-08,Monday,November,Nov,4,2021
41009,2021-11-09,Tuesday,November,Nov,4,2021
41010,2021-11-10,Wednesday,November,Nov,4,2021
41011,2021-11-11,Thursday,November,Nov,4,2021
41012,2021-11-12,Friday,November,Nov,4,2021
41013,2021-11-13,Saturday,November,Nov,4,2021
41014,2021-11-14,Sunday,November,Nov,4,2021
41015,2021-11-15,Monday,November,Nov,4,2021
41016,2021-11-16,Tuesday,November,Nov,4,2021
41017,2021-11-17,Wednesday,November,Nov,4,2021
41018,2021-11-18,Thursday,November,Nov,4,2021
41019,2021-11-19,Friday,November,Nov,4,2021
41020,2021-11-20,Saturday,November,Nov,4,2021
41021,2021-11-21,Sunday,November,Nov,4,2021
41022,2021-11-22,Monday,November,Nov,4,2021
41023,2021-11-23,Tuesday,November,Nov,4,2021
41024,2021-11-24,Wednesday,November,Nov,4,2021
41025,2021-11-25,Thursday,November,Nov,4,2021
41026,2021-11-26,Friday,November,Nov,4,2021
41027,2021-11-27,Saturday,November,Nov,4,2021
41028,2021-11-28,Sunday,November,Nov,4,2021
41029,2021-11-29,Monday,November,Nov,4,2021
41030,2021-11-30,Tuesday,November,Nov,4,2021
41101,2021-12-01,Wednesday,December,Dec,4,2021
41102,2021-12-02,Thursday,December,Dec,4,2021
41103,2021-12-03,Friday,December,Dec,4,2021
41104,2021-12-04,Saturday,December,Dec,4,2021
41105,2021-12-05,Sunday,December,Dec,4,2021
41106,2021-12-06,Monday,December,Dec,4,2021
41107,2021-12-07,Tuesday,December,Dec,4,2021
41108,2021-12-08,Wednesday,December,Dec,4,2021
41109,2021-12-09,Thursday,December,Dec,4,2021
41110,2021-12-10,Friday,December,Dec,4,2021
41111,2021-12-11,Saturday,December,Dec,4,2021
41112,2021-12-12,Sunday,December,Dec,4,2021
41113,2021-12-13,Monday,December,Dec,4,2021
41114,2021-12-14,Tuesday,December,Dec,4,2021
41115,2021-12-15,Wednesday,December,Dec,4,2021
41116,2021-12-16,Thursday,December,Dec,4,2021
41117,2021-12-17,Friday,December,Dec,4,2021
41118,2021-12-18,Saturday,December,Dec,4,2021
41119,2021-12-19,Sunday,December,Dec,4,2021
41120,2021-12-20,Monday,December,Dec,4,2021
41121,2021-12-21,Tuesday,December,Dec,4,2021
41122,2021-12-22,Wednesday,December,Dec,4,2021
41123,2021-12-23,Thursday,December,Dec,4,2021
41124,2021-12-24,Friday,December,Dec,4,2021
41125,2021-12-25,Saturday,December,Dec,4,2021
41126,2021-12-26,Sunday,December,Dec,4,2021
41127,2021-12-27,Monday,December,Dec,4,2021
41128,2021-12-28,Tuesday,December,Dec,4,2021
41129,2021-12-29,Wednesday,December,Dec,4,2021
41130,2021-12-30,Thursday,December,Dec,4,2021
41131,2021-12-31,Friday,December,Dec,4,2021
